time_s,V1,V2,V3,Vdot1,Vdot2,Vdot3,omega1,omega2,omega3,delta1,delta2,delta3,pV1,pV2,pV3,qV1,qV2,qV3,pW1,pW2,pW3,qW1,qW2,qW3
0,1.02,0.985,1.01,0,0,0,0.01,-0.006,0.004,0.02,-0.01,0,0.222987539963193,-0.200183016603274,0.125393843279728,0.162987539963193,-0.150183016603274,0.0853938432797285,0.0157345264465782,-0.0117109663425478,0.00987392303412422,-0.0242654735534218,0.0182890336574522,-0.0101260769658758
0.005,1.01996374286717,0.985033835692186,1.00998053041243,-0.0144142226888952,0.0134498854686805,-0.00774060284807088,0.00974414344711211,-0.00578084223209566,0.00386503152053336,0.0200493578244627,-0.0100294502237087,1.96610837194227e-05,0.222395281412167,-0.199689361044996,0.124997977959681,0.163583361013762,-0.150679427379658,0.0857900310274105,0.015338417712501,-0.0114135237939178,0.00967582053813863,-0.0238695292197693,0.0179924364052849,-0.0099281529279965
0.01,1.01985673345887,0.985133664251385,1.00992306081274,-0.0283030130860438,0.0263989934171349,-0.0152010911331686,0.00949430039815594,-0.00556616661227535,0.00373360671786694,0.0200974514567975,-0.0100578158925278,3.86562212064996e-05,0.221814216671621,-0.199204919394186,0.124608340387326,0.164166850322481,-0.151165447436569,0.0861767628212326,0.0149499853055003,-0.011121132875453,0.00948146229770968,-0.0234815922605927,0.0177025502991168,-0.00973432648533683
0.015,1.01968156790554,0.985297009106419,1.00982897572135,-0.0416786822257008,0.0388581746169685,-0.0223878379467489,0.00925033595463568,-0.00535590490957138,0.00360563798757961,0.0201443106259445,-0.0100851192463196,5.70029108950957e-05,0.221238094643482,-0.198724624896505,0.12422195879461,0.164732222628426,-0.151636398217292,0.0865513774512401,0.0145690726157144,-0.0108337000568958,0.00929077333827949,-0.0231015087276558,0.0174192359506318,-0.00954451733340562
0.02,1.01944078227496,0.985521446822058,1.00969962849836,-0.0545529497429065,0.0508378364899802,-0.0293069368842209,0.00901211837674437,-0.00514998961819174,0.00348103995025706,0.0201899643942823,-0.0101113821856018,7.47182187833841e-05,0.220660921640566,-0.198243613443283,0.123835982402176,0.165273940857367,-0.15208779612395,0.0869113285467105,0.0141955265456735,-0.0105511336132673,0.0091036801987259,-0.0227291273097925,0.0171423567783322,-0.0093586467290071
0.025,1.01913685544526,0.985804604939562,1.00953634270321,-0.066936977480625,0.0623479660529026,-0.0359642170696129,0.00877951900209023,-0.00494835396301887,0.00335972939491007,0.0202344411732174,-0.0101366262751877,9.18187894168564e-05,0.220076976537203,-0.197757232585762,0.123447681339379,0.165786731455044,-0.152515361683964,0.0872541846179401,0.0138291974092286,-0.0102733435849062,0.00892011090026733,-0.0223642993122104,0.016871778956173,-0.00917663746045216
0.03,1.01877221180993,0.986144159932301,1.00934041338042,-0.0788414029525211,0.0733981529445094,-0.0423652577273091,0.00855241216691197,-0.00475093190420615,0.00324162522378144,0.0202777687383732,-0.0101608727478516,0.000108320856591696,0.219480822876413,-0.197261048669515,0.123054446258808,0.166265596673382,-0.152915026833655,0.0875776287901202,0.0134699388349354,-0.0100002417387919,0.00873999491616624,-0.0220068786337521,0.0166073713627238,-0.00899841381817753
0.035,1.01834922381678,0.986537835276181,1.00911310827371,-0.0902763724575816,0.0839976123820591,-0.0485154022930498,0.00833067512966415,-0.00455765814091692,0.00312664839850125,0.0203199742443913,-0.0101841425080144,0.00012424025378611,0.218867317831031,-0.196750851986703,0.122653787624591,0.1667058237071,-0.15328294021676,0.087879458208637,0.0131176076736088,-0.00973174153108716,0.00856326314219129,-0.0216567217423453,0.0163490055308784,-0.00882390156578575
0.04,1.01787021434211,0.98698339963459,1.00885566897053,-0.101251573637958,0.0941552078900428,-0.0544197720518555,0.0081141879968719,-0.00436846811424507,0.00301472188756261,0.0203610842393562,-0.0102064561354471,0.000139592424325153,0.218231618017736,-0.196222659914414,0.12224333466553,0.167102990679759,-0.1536154704661,0.088157583106879,0.0127720639097922,-0.00946775807084663,0.00838984786780573,-0.0213136876488587,0.0160965555981415,-0.00865302791151972
0.045,1.01733745890421,0.987478665155981,1.00856931197978,-0.11177626729102,0.103879473657053,-0.060083279295069,0.00790283365115087,-0.00418329800936023,0.00290577061507927,0.0204011246788547,-0.0102278338889851,0.000154392431286485,0.217569182245344,-0.1956727180649,0.121820833992665,0.167452969560663,-0.153909207494333,0.0884100255362113,0.0124331705768976,-0.00920820808483307,0.00821968274804712,-0.0209776378795562,0.0158498982575073,-0.00848572148017983
0.05,1.01675318771994,0.988021485882043,1.0082552297449,-0.121859318254884,0.113178636381806,-0.0655106399865531,0.00769649768130249,-0.00400208475691631,0.0027997214107952,0.0204401209396808,-0.0102482957102533,0.000168654967152982,0.216875771346613,-0.195097499521425,0.121384147889171,0.167751926161928,-0.154160961867522,0.088634917766048,0.012100793675794,-0.00895300988339075,0.00805270277606905,-0.0206484364473288,0.0156089127089514,-0.00832191228549237
0.055,1.01611958760954,0.988609756263572,1.00791459159488,-0.131509225207091,0.122060636482991,-0.0707063859302924,0.00749506831439834,-0.00382476603376243,0.00269650296131495,0.0204780978331962,-0.010267861227395,0.000182394363218461,0.216147445293878,-0.194493702270298,0.120931252286612,0.167996317416124,-0.154367762372169,0.088830500368109,0.0117748020966369,-0.00870208332732582,0.00788884425631674,-0.0203259498218663,0.0153734806115516,-0.00816153170293486
0.06,1.01543880375545,0.989241409780555,1.00754854463568,-0.140734149236134,0.130533148561127,-0.0756748764329951,0.00729843634977386,-0.00365128026299369,0.00259604576252467,0.0205150796183557,-0.0102865497588035,0.000195624598752549,0.215380557835839,-0.193858244967311,0.12046023444669,0.16818288617184,-0.154526851913978,0.088995120004023,0.0114550675437466,-0.00845534979574709,0.00772804477831038,-0.0200100468989201,0.0151434860362529,-0.00800451244302298
0.065,1.01471294132164,0.989914417662489,1.00715821458462,-0.149541941067255,0.138603601015497,-0.0804203094570466,0.00710649509485657,-0.00348156661337874,0.00249828207317502,0.0205510900144074,-0.0103043803168521,0.000208359309930562,0.214571748916727,-0.193188261195955,0.119969290371476,0.168308653768506,-0.15463568190577,0.0891272269393281,0.0111414644633571,-0.00821273215482269,0.00757024319101198,-0.0197005989687906,0.0149188154192881,-0.00785078852506187
0.07,1.01394406694035,0.99062678770451,1.0067447065503,-0.157940166846197,0.146279194734546,-0.0849467322610942,0.00691914030275953,-0.00331556499819943,0.00240314586959788,0.0205861522132764,-0.0103213716116201,0.000220611798534164,0.21371793515172,-0.192481092386539,0.119456721968026,0.168370910664368,-0.154691905313745,0.0892253723097914,0.0108338699740692,-0.00797415472741066,0.00741537957775359,-0.0193974796841653,0.0146993575162652,-0.00770029525136367
0.075,1.01313421007363,0.9913765631745,1.0063091057606,-0.165936132406506,0.153566920793509,-0.0892580515275661,0.00673627011157458,-0.00315321607353738,0.0023105728015299,0.0206202888916405,-0.0103375420546105,0.000232395040428365,0.212816298635482,-0.191734279570832,0.118920933995211,0.16836720539457,-0.154693368536739,0.0892882051679365,0.0105321637998545,-0.00773954326352382,0.0072633952317056,-0.0191005650274201,0.0144850033569322,-0.00755296918193173
0.08,1.01228536425755,0.992161821806102,1.00585247824126,-0.173536905967203,0.160473577108064,-0.0933580429784926,0.00655778498530469,-0.00299446123604076,0.00222050014901663,0.0206535222227075,-0.0103529097624597,0.000243721693820369,0.211864274355914,-0.190945554147031,0.118360430821819,0.168295332131483,-0.154638102293339,0.0893144693388654,0.010236228205467,-0.00750882491159128,0.00711423263186617,-0.018809733277487,0.0142756462006242,-0.00740874810961082
0.085,1.01139948823681,0.992980674872313,1.00537587144775,-0.180749339227532,0.167005784007066,-0.0972503604830447,0.00638358765637792,-0.00283924262020393,0.00213286678037206,0.0206858738876994,-0.0103674925606329,0.000254604107305575,0.210859536474212,-0.190112827825933,0.117773813025505,0.168153317108446,-0.154524311687794,0.0893030001149936,0.00994594793412923,-0.00728192819048143,0.0069678354195535,-0.0185248649763819,0.0140711814924019,-0.00726757103570207
0.09,1.01047850699802,0.993831266334179,1.00488031485278,-0.18758008684386,0.173169998700892,-0.100938544662209,0.00621358306968956,-0.00268750309519138,0.00204761311116875,0.020717365087055,-0.0103813079871058,0.000265054327705979,0.209799983716728,-0.189234181921955,0.117159773862144,0.167939404152455,-0.154350365618394,0.0892527208192953,0.00966121014736948,-0.00705878296225264,0.00682414837538416,-0.0182458428954789,0.0138715068198836,-0.00712937814604003
0.095,1.00952431270957,0.994711772059054,1.00436682049209,-0.194035624290372,0.178972528634251,-0.104426030997923,0.00604767832812173,-0.00253918626123634,0.00196468106423508,0.0207480165513545,-0.0103943732960295,0.000275084107706038,0.208683724105312,-0.188307856143057,0.116517095634677,0.16765203955256,-0.15411478568243,0.0891626392661755,0.0093819043668946,-0.00683932040560056,0.00668311739672204,-0.0179725520016071,0.0136765218707757,-0.00699411078752883
0.1,1.00853876557621,0.995620399102828,1.00383638347089,-0.200122264119889,0.184419543723491,-0.107716157455808,0.00588578263949282,-0.00239423644564364,0.00188401403063633,0.0207778485519769,-0.0104067054613753,0.000284704913290998,0.207509059231967,-0.187332237022425,0.11584464598967,0.167289856469817,-0.153816234720633,0.0890318441482367,0.00910792241839171,-0.006623472989972,0.00654468947558308,-0.0177048794230417,0.013486128391103,-0.00686171144513363
0.105,1.00752369461633,0.996555385050569,1.00328998243334,-0.205846170653901,0.189517087488454,-0.110812171632292,0.00572780726489205,-0.00225259869842509,0.00180555683161734,0.0208068809114947,-0.01041832118056,0.000293927930992542,0.206274468261815,-0.186305846122562,0.115141374168678,0.1668516590729,-0.153453505131799,0.0888595013760678,0.00883915837715868,-0.00641117445031768,0.0064088126769824,-0.0174427144154517,0.0133002301441401,-0.00673212371932282
0.11,1.00648089836953,0.997514997410106,1.00272857999753,-0.211213373141758,0.194271087097647,-0.11371723743846,0.00557366546835633,-0.00211421878759493,0.00172925568148504,0.0208351330138139,-0.0104292368780473,0.000302764074946505,0.204978591826449,-0.185227328129891,0.114406307240162,0.166336406561447,-0.153025507075723,0.0886448503968281,0.00857550851547074,-0.00620235976245727,0.00627543611771091,-0.0171859483278634,0.0131187328700433,-0.00660529230395615
0.115,1.00541214554225,0.998497533053166,1.00215312315814,-0.216229777437992,0.198687362353119,-0.116434441334337,0.00542327246784953,-0.00197904319415174,0.00165505815140968,0.0208626238140657,-0.0104394687089256,0.000311223993767307,0.203620215948275,-0.184095438945359,0.113638546336169,0.165743197217846,-0.152531256670001,0.0883872005158832,0.00831687125159625,-0.00599696511903215,0.00614450994552966,-0.0169344745686896,0.0129415442461822,-0.00648116296461324
0.12,1.00431917559847,0.999501317698857,1.001564543659,-0.220901176254069,0.202771633647863,-0.118966798128532,0.00527654538750575,-0.00184701910677224,0.00158291313412442,0.0208893718482559,-0.0104490325624599,0.000319318077243653,0.202198256116147,-0.18290903386442,0.112837262916391,0.165071252607765,-0.151969864274102,0.0880859272441366,0.00806314710038109,-0.00579492790602248,0.00601598531877065,-0.0166881885718736,0.0127685738481685,-0.0063596825173567
0.125,1.00320369930268,1.00052470543445,1.00096375833771,-0.225233258046606,0.206529528933973,-0.121317256359236,0.00513340321110036,-0.00171809441624142,0.00151277080950325,0.0209153952426797,-0.010457944065616,0.000327056462859926,0.20071174161359,-0.181667055928203,0.112001695080542,0.164319902030818,-0.151340522942559,0.0877404686920271,0.00781423862532613,-0.00559618667980653,0.00588981438633372,-0.0164469877631885,0.0125997331115795,-0.00624079880792361
0.13,1.00206739922168,1.0015660782686,1.00035166944443,-0.229231614608449,0.209966589744187,-0.123488703273481,0.00499376673671432,-0.00159221770964257,0.00144458261099785,0.0209407117231052,-0.0104662185865572,0.000334449042147633,0.19915980018367,-0.180368524517038,0.111131143948292,0.163488567305444,-0.150642497118517,0.0873503220294746,0.00757005039208737,-0.00540068114474185,0.00576595026806968,-0.01621077152673,0.0124349352943712,-0.006124460691339
0.135,1.00091193019141,1.00262384571245,0.999729164936657,-0.23290174743205,0.213088276313056,-0.125483969422333,0.00485755853255875,-0.00146933826432951,0.0013783011929146,0.0209653386237345,-0.0104738712381099,0.000341505466871138,0.197541643099128,-0.179012524247839,0.110224970124347,0.162576747956674,-0.149875111629127,0.0869150400293776,0.00733048892333306,-0.00520835213124871,0.00564434703554038,-0.0159794411716363,0.0122740954399783,-0.00601061801194432
0.14,0.99973891975507,1.00369644438411,0.999097118751967,-0.236249072916609,0.215899971846692,-0.127305832890295,0.00472470289392815,-0.00134940604170285,0.00131388039851327,0.0209892928959463,-0.0104809168812006,0.000348235155051843,0.195856550692794,-0.177598194228187,0.109282590264596,0.16158400686185,-0.149037741035734,0.086434227710633,0.00709546265489627,-0.00501914157437757,0.00552495969314701,-0.0157528998990664,0.0121171303410944,-0.00589922158383431
0.145,0.998549968577753,1.00478233763255,0.998456391060542,-0.239278926491478,0.218406985992237,-0.128957023177707,0.00459512580125223,-0.00123237168081049,0.00125127522890948,0.0210125911168256,-0.0104873701282592,0.00035464729683488,0.194103858391696,-0.176124717712505,0.108303473757693,0.160509956397757,-0.148129799384222,0.0859075390950666,0.00686488189316535,-0.00483299249284343,0.00540774415961844,-0.015531052769461,0.0119639585041263,-0.00579022317169473
0.15,0.997346650843161,1.00588001517691,0.997807828499041,-0.241996565728655,0.220614557559667,-0.130440224755265,0.00446875487921715,-0.00111818649179235,0.00119044181276339,0.0210352494974873,-0.0104932453465916,0.00036075086020229,0.19228294328841,-0.174591312199224,0.107287139534932,0.159354245122753,-0.14715073039451,0.0853346740911609,0.00663865877365854,-0.00464984896851093,0.00529265724985169,-0.015313806670113,0.0118145001143177,-0.00568357547203407
0.155,0.996130514637064,1.00698799275761,0.997152264387526,-0.244407172516841,0.222527856549636,-0.131758080310045,0.0043455193569285,-0.00100680244918768,0.00113133737673764,0.021057283891197,-0.010498556661718,0.000366554596536573,0.19039321127518,-0.172997220002609,0.106233153019843,0.158116545019484,-0.146099998122862,0.0847153755160457,0.00641670722073224,-0.00446965612631487,0.00517965665709724,-0.0151010702830654,0.0116686770015333,-0.00557923209480157
0.16,0.994903082322099,1.00810481179612,0.99649051893086,-0.246515854368718,0.224151985541716,-0.132913193702521,0.00422535002908895,-0.000898172185122898,0.00107392021670759,0.0210787098012957,-0.0105033179606782,0.000372067046038412,0.188434084759983,-0.171341699328523,0.105141123227618,0.156796539317384,-0.144977078126357,0.0840494262658855,0.00619894290837563,-0.00429236011460193,0.00506870093548206,-0.0148927540533571,0.0115264126066976,-0.00547714754538432
0.165,0.993665850908059,1.00922903906,0.995823399406021,-0.248327644931932,0.225491980497752,-0.133908132654156,0.00410817921816476,-0.000792248982396692,0.00101814966970781,0.0210995423889331,-0.0105075428953023,0.000377296543002305,0.186404990978871,-0.169624015880198,0.104010700023242,0.155393910909353,-0.1437814491556,0.083336646643563,0.00598528322204739,-0.00411790808587999,0.00495974948286371,-0.0146887701576316,0.0113876319488792,-0.00537727720697576
0.17,0.99242029242147,1.01035926633078,0.995151700336595,-0.249847503772812,0.226552811035146,-0.134745431185026,0.00399394073751603,-0.000688986767478233,0.000963986086598631,0.0211197964806136,-0.0105112448854465,0.000382251220953728,0.184305350915598,-0.167843435017644,0.10284157154605,0.153908331373646,-0.142512585399351,0.0825768918514154,0.00577564722151265,-0.00394624817796233,0.00485276252400906,-0.0144890324731221,0.0112522615930137,-0.0052795773233083
0.175,0.991167854277926,1.01149411007185,0.994476203655681,-0.251080315500275,0.227339380224845,-0.135427591820878,0.00388256985546635,-0.0005883401034336,0.000911390805437103,0.0211394865755603,-0.0105144371221936,0.000386939017651401,0.182134568837453,-0.16599921449283,0.101633461807398,0.152339450609951,-0.141169949303245,0.0817700496557304,0.00556995560464121,-0.00377732949549467,0.00474770109409152,-0.0142934565470265,0.0111202296182561,-0.00518400498174231
0.18,0.989909959660316,1.01263221109441,0.993797678858286,-0.252030888295708,0.227856523968665,-0.135957087588771,0.0037740032602883,-0.000490264182794423,0.00086032612553714,0.0211586268529026,-0.0105171325710186,0.000391367679958138,0.179892022455462,-0.164090597782034,0.100386128467158,0.150686887097847,-0.139752984984021,0.0809160382287481,0.0053681306721301,-0.00361110209185369,0.00464452702250096,-0.0141019595662802,0.010991465586954,-0.00509051809670419
0.185,0.988648007905757,1.01377223421924,0.993116883144232,-0.252703951912961,0.228109010010333,-0.136336363820213,0.00366817902608181,-0.000394714820382018,0.000810755282203659,0.0211772311786896,-0.0105193439749177,0.000395544768583689,0.177577053717354,-0.162116808036735,0.0990993607938933,0.148950218786075,-0.138261112260669,0.0800148041730404,0.00517009629311571,-0.00344751695140619,0.00454320291696056,-0.0139144603277372,0.0108659005142335,-0.0049990753934659
0.19,0.987383374903718,1.01491286793277,0.992434561552496,-0.253104155211052,0.228101536634456,-0.136567839780391,0.00356503657952309,-0.000301648446099384,0.000762642422126024,0.0211953131127361,-0.0105210838575022,0.000399477662702906,0.175188960243039,-0.160077042675036,0.0977729778127438,0.147128974622427,-0.136693721324526,0.0790663207323358,0.00497577787164287,-0.00328652597211875,0.00444369214794525,-0.0137308792087651,0.0107434668381873,-0.00490963639225877
0.195,0.986117413507515,1.01605282403605,0.991751447087794,-0.253236063280763,0.22783873110741,-0.136653910141719,0.00346451666746242,-0.000211022097702564,0.000715952579416276,0.021212885915304,-0.0105223645260552,0.000403173564452498,0.172726987414605,-0.157970468636815,0.0964068266443539,0.145222626736274,-0.135050168071539,0.0780705861921333,0.00478510231395991,-0.00312808194850816,0.00434595883339637,-0.0135511381382608,0.0106240983906574,-0.00482216139271399
0.2,0.984851453961079,1.01719083728523,0.991068260840154,-0.253104154225093,0.227325147914048,-0.136596946319536,0.00336656132534935,-0.000122793413562098,0.0006706516522779,0.021229962553624,-0.0105231980745533,0.000406639503309554,0.170190321135956,-0.155796218327487,0.0950007810374774,0.143230583288905,-0.133329770121611,0.0770276224727767,0.00459799799661057,-0.00297213855492341,0.0042499678237276,-0.0133751605680902,0.0105077303686021,-0.00473661145862277
0.205,0.983586804342546,1.018325665023,0.990385712098113,-0.25271281565258,0.226565266844124,-0.136399297687336,0.00327111384646482,-3.69206254244632e-05,0.000626706380291153,0.0212465557082613,-0.0105235963866515,0.00040988234035496,0.167578081281175,-0.153553386277429,0.093554740097303,0.141152182010797,-0.131531803552114,0.0759374739170511,0.00441439473529515,-0.00281865032915048,0.00415568468711703,-0.0132028714449568,0.0103942993060385,-0.00465294840300893
0.21,0.982324751025987,1.01945608680007,0.989704498456113,-0.252066340941858,0.225563490982408,-0.13606329268845,0.00317811875193958,4.6637448817398e-05,0.000584084322301173,0.0212626777793293,-0.0105235711386319,0.000412908772424754,0.164889315855393,-0.151241026546583,0.0920686272109662,0.13898668444963,-0.129655500375114,0.074800206273791,0.00423422375447477,-0.0026675726563315,0.00406307569508076,-0.0130341971827005,0.0102837430465499,-0.00457113477350686
0.215,0.981066559162267,1.02058090398655,0.989025305916552,-0.251168925335447,0.224324144656748,-0.135591239860593,0.00308752176153929,0.000127921412336086,0.000542753834895335,0.0212783408925558,-0.0105231338023161,0.000415725336152404,0.162122995897399,-0.148858150906607,0.0905423891711788,0.136733270958316,-0.127700046790705,0.0736159058784568,0.00405741765769383,-0.00251886175319041,0.00397210780832317,-0.0128690656350282,0.0101760007163511,-0.00449113383803786
0.22,0.979813473179734,1.02169893937302,0.988348808986905,-0.250024661920841,0.222851471398726,-0.134985428789175,0.00299926976519655,0.000206971296556681,0.000502684051456533,0.0212935569052046,-0.0105222956479426,0.000418338411904912,0.159278011159316,-0.146403727835935,0.088975995498406,0.134391036458403,-0.12566458225184,0.0723846790311306,0.00388391039859742,-0.00237247465255726,0.00388274866285941,-0.012707406068678,0.0100710126978993,-0.0044129095707783
0.225,0.97856671730517,1.02280903676163,0.987675670772222,-0.24863753755737,0.221149631972101,-0.134248131004725,0.00291331079527093,0.000283826568311714,0.000463844861779258,0.0213083374118564,-0.010521067747007,0.000420754227615601,0.156353166605441,-0.143876682366286,0.0873694379615273,0.131958987020987,-0.123548199379241,0.0711066515718911,0.00371363725262093,-0.00222836918818399,0.00379496655640557,-0.0125491491370153,0.00996872060404315,-0.00433642663841253
0.23,0.977327496105111,1.02391006054751,0.987006543063246,-0.247011428808183,0.219222702524971,-0.133381600839214,0.00282959399951813,0.000358526136957937,0.000426206892235548,0.0213226937500537,-0.0105194609750674,0.000422978862516364,0.153347179779748,-0.141275896822391,0.08572273029644,0.129436037314658,-0.12134994476815,0.0697819686530471,0.003546534789331,-0.00208650397984451,0.00370873043503213,-0.0123942268540618,0.00986906725270013,-0.00426165038666429
0.235,0.976096995047382,1.0250008952915,0.986342066420326,-0.245150097937979,0.217074672922435,-0.132388076255479,0.00274806961474983,0.000431108361449363,0.000389741486478074,0.0213366370058108,-0.0105174860145142,0.000425018250772081,0.150258679099451,-0.138600212499859,0.0840359081215811,0.126821008977921,-0.119068820731918,0.068410794707228,0.00338254084539721,-0.00194683841871226,0.00362400988007643,-0.012242572568956,0.00977199664205261,-0.00418854682710015
0.24,0.974876381082335,1.026080445285,0.985682870253216,-0.243057189038905,0.214709445317552,-0.131269779663355,0.00266868894116632,0.000501611057361636,0.000354420686667788,0.0213501780189954,-0.0105151533573041,0.000426878185019886,0.147086203140552,-0.135848432329125,0.0823090290488565,0.124112629982027,-0.116703788030354,0.0669933136098397,0.00322159449817542,-0.00180933265300882,0.00354077509530988,-0.0120941209408414,0.00967745392625382,-0.00411708262419854
0.245,0.97366680324301,1.0271476341085,0.985029572896809,-0.240736224349272,0.212130833019503,-0.130028918735495,0.00259140431734396,0.000570071503863429,0.000320217215213749,0.0213633273885823,-0.0105124733076601,0.000428564319815838,0.143828200990171,-0.13301932457615,0.0805421729879576,0.121309535059069,-0.114253769633564,0.0655297290338892,0.00306363603988412,-0.00167394757391696,0.0034589968943557,-0.0119488079141842,0.00958538539163432,-0.00404722508267849
0.25,0.972469393263083,1.0282014041852,0.984382781682754,-0.238190600832494,0.209342559719111,-0.12866768723522,0.00251616909586021,0.000636526450631126,0.0002871044570129,0.0213760954777843,-0.010509455984736,0.000430082174991558,0.140483033749792,-0.130111627632822,0.0787354426415177,0.118410267279487,-0.111717655574234,0.0640202649946476,0.00290860695235634,-0.0015406448017523,0.00337864668835316,-0.0118065706945138,0.00949573843340028,-0.00397894213508189
0.255,0.971285266211113,1.02924071633188,0.983743093006889,-0.235423587086869,0.206348259133073,-0.127188265868098,0.00244293761953912,0.000701012124703578,0.000255056442177706,0.0213884924190624,-0.0105061113252463,0.000431437138923289,0.137048977283094,-0.127124055951711,0.0768889641879974,0.115413280872691,-0.109094308943042,0.0624651665810618,0.00275644988235013,-0.00140938667238738,0.00329969647386412,-0.0116673477245854,0.0094084615328143,-0.00391220232960367
0.26,0.970115521139273,1.03026454930913,0.983111092392334,-0.232438320660563,0.203151475129594,-0.12559282316825,0.00237166519830053,0.000763564237274256,0.00022404782923975,0.021400528119019,-0.0105024490860631,0.000432634471715785,0.133524226311721,-0.124055307180726,0.075002888148584,0.112316945394175,-0.106382573082772,0.0608647008702204,0.00260710861740159,-0.0012801362239224,0.00322211882101787,-0.0115310786609621,0.00932350423485034,-0.00384697481816396
0.265,0.968961241744315,1.03127189937352,0.982487354548033,-0.229237805850323,0.199755662399257,-0.123883516429696,0.00230230808659661,0.000824217990418571,0.000194053888817474,0.0214122122631767,-0.010498478846778,0.000433679308303385,0.129906899971957,-0.120904070553147,0.0730773904337511,0.109119551352135,-0.103581280036629,0.0592191580205364,0.00246052806220487,-0.00115285718359711,0.00314588686189032,-0.0113977043510099,0.00924081712631395,-0.00378322934471706
0.27,0.967823497038172,1.03226177983467,0.981872443422522,-0.225824912067096,0.19616418773606,-0.122062492692331,0.00223482346141968,0.000883008083754571,0.000165050487736432,0.0214235543206457,-0.0104942100122311,0.000434576661470559,0.126195048954561,-0.117669036587178,0.0711126735644205,0.105819317415846,-0.100689260304915,0.0575288525386105,0.00231665421550438,-0.00102751395493831,0.00307097427911348,-0.0112671668103056,0.00916035181441921,-0.00372093623379153
0.275,0.966703342025124,1.03323322062037,0.981266912252598,-0.222202372856718,0.192380331994416,-0.120131889791344,0.00216916940086568,0.000939968721035648,0.000137014073590523,0.0214345635486829,-0.0104896518150067,0.000435331424794173,0.122386664358745,-0.114348908146362,0.0691089680619235,0.102414399336841,-0.0977053539614429,0.0557941247139879,0.00217543414748508,-0.000904071605137565,0.00299735529471131,-0.0111394092004506,0.00908206090581417,-0.00366006637925651
0.28,0.965601818382036,1.03418526785328,0.980671303606578,-0.218372785669215,0.188407292788417,-0.118093837478149,0.00210530486323801,0.000995133616674197,0.000109921659732793,0.0214452489971448,-0.0104848133178966,0.000435948375509622,0.118479688399008,-0.110942412907617,0.0670665340001435,0.0989029007216074,-0.09462842317645,0.0540153422152095,0.00203681597764713,-0.000782495852654169,0.00292500465915796,-0.0110143758072869,0.00900589798604635,-0.00360059123330906
0.285,0.964519955137666,1.03511698344314,0.980086149421747,-0.214338612475819,0.184248187999776,-0.115950458620032,0.00204318966667687,0.00104853600219552,8.37508106845105e-05,0.021455619512837,-0.0104797034163303,0.000436432177302983,0.114472027109899,-0.107448317276986,0.0649856627123524,0.0952828858009021,-0.0914573661861554,0.0521929018396878,0.00190074885315182,-0.000662753055038132,0.00285389764065455,-0.0108920120195128,0.00893181759946032,-0.00354248279567775
0.29,0.963458769346555,1.03602744469875,0.979511971035605,-0.210102181338488,0.179906060160386,-0.113703870484926,0.00198278446929956,0.00110020863262151,5.84796279513422e-05,0.0214656837437645,-0.0104743308407737,0.000436787383031225,0.110361565198184,-0.103865441784158,0.0628666786443121,0.0915523943452086,-0.0881911327400123,0.0503272314089954,0.00176718292762639,-0.000544810196968431,0.00278401001462054,-0.0107722643076902,0.00885977522951905,-0.00348571360303778
0.295,0.962419266752462,1.03691574396404,0.978949279210466,-0.2056656890424,0.175383881774229,-0.11135618611678,0.001924050749838,0.00115018379278388,3.40867362355165e-05,0.021475450143282,-0.0104687041590955,0.000437018437372504,0.10614618319378,-0.100192677975032,0.0607099413442137,0.0877094588776932,-0.0848287410449596,0.0484187918001561,0.00163606934041562,-0.000428634878501759,0.00271531805339566,-0.010655080203642,0.00878972727954148,-0.00343025671863317
0.3,0.961402442435731,1.03778098828337,0.978398574150942,-0.201031204907311,0.170684561641296,-0.108909515806109,0.00186695078875976,0.0011984933035669,1.05512700330019e-05,0.02148492697415,-0.0104628317789027,0.000437129679408473,0.101823777049384,-0.0964290068067717,0.0585158475789571,0.0837521243346331,-0.0813692962111461,0.0464680791024566,0.00150736019626871,-0.000314195303527222,0.00264779851614875,-0.0105404082802318,0.00872163105384813,-0.00337608572210148
0.305,0.96040928143841,1.038622299101,0.977860345513826,-0.196200675898612,0.165810952243026,-0.106365968659303,0.00181144764985968,0.00124516852807953,-1.21471393952212e-05,0.0214941223124973,-0.0104567219498451,0.000437125345140532,0.0973922803332071,-0.092573518531635,0.0562848335651431,0.0796784703177477,-0.0778120101854189,0.0444756268881702,0.00138100854545057,-0.000201460268422561,0.00258142863898931,-0.0104281981315224,0.00865544473930713,-0.00332317469949715
0.31,0.959440759360305,1.03943881200025,0.977335072409881,-0.191175933163186,0.160765858244373,-0.103727654269291,0.00175750516230984,0.0012902403777573,-3.40283766886132e-05,0.0215030440516926,-0.0104503827658885,0.000437009569941838,0.0928496891486731,-0.0886254340340216,0.054017377301963,0.0754866360723116,-0.0741562231370537,0.0424420085843887,0.00125696836426685,-9.03991509076955e-05,0.00251618612527803,-0.0103184003533075,0.00859112738727307,-0.00327149823350915
0.315,0.95849784291852,1.04022967648815,0.976823223397015,-0.185958700118238,0.155552046161713,-0.100996684489066,0.00170508790315593,0.00133373931839371,-5.5111854699999e-05,0.0215116999061271,-0.0104438221675582,0.000436786390946875,0.0881940898982942,-0.0845841275595228,0.0517140009919236,0.0711748483082895,-0.0704014262345189,0.0403678399319205,0.00113519453599295,1.90181009084457e-05,0.00245204913613228,-0.0102109665240102,0.00852863889591077,-0.00322103139386927
0.32,0.957581490462409,1.04099405583131,0.976325256464332,-0.180550602222988,0.15017225523832,-0.0981751753084895,0.00165416118024891,0.00137569537610138,-7.54165264666335e-05,0.0215200974149115,-0.010437047944152,0.000436459749380319,0.0834236899851395,-0.0804491507450343,0.0493752735340566,0.0667414519579294,-0.0665472857223593,0.0382537815159166,0.0010156428321973,0.000126820979291627,0.00238899628112271,-0.0101058491859427,0.00846793999289664,-0.0031717497279473
0.325,0.956692652435187,1.04173112694936,0.975841619006544,-0.174953178562786,0.14462920955966,-0.0952652488336294,0.0016046910156016,0.0014161381432027,-9.4960896850006e-05,0.0215282439454879,-0.0104300677359244,0.000436033492826883,0.0785368515131729,-0.0762202578252378,0.0470018130729321,0.0621849439311138,-0.062593668173522,0.0361005413515595,0.000898269894450087,0.000233038427460124,0.00232700660915688,-0.0100030018269226,0.00840899221848966,-0.00312362925152948
0.33,0.955832271772821,1.04244008037209,0.975372747788228,-0.169167895372486,0.138925631429339,-0.0922690353666876,0.00155664412916052,0.00145509678404965,-0.000113763033854909,0.0215361466971599,-0.0104228890362403,0.000435511377443765,0.0735321280061089,-0.0718974318530032,0.0445942895854402,0.0575040098881396,-0.0585406667546955,0.033908877506794,0.00078303321640888,0.000337698849979992,0.00226605959954606,-0.0099023788622373,0.00835175790896462,-0.00307664643977703
0.335,0.955001284230209,1.04312012026657,0.974919068897444,-0.163196161620194,0.133064256012774,-0.0891886755833159,0.00150998792298391,0.00149260004077219,-0.000131840579638225,0.0215438127045428,-0.0104155191937009,0.000434897070117281,0.0684083041121918,-0.0674809117298011,0.0421534274859376,0.052697563997354,-0.0543886283007697,0.0316796007427124,0.000669891126273225,0.000440830122980841,0.00220613515325124,-0.00980393561695193,0.00829620018039971,-0.00303077821836134
0.34,0.954200618624051,1.04377046454073,0.974480997688227,-0.157039346763084,0.127047847239574,-0.0860263228028406,0.00146469046581825,0.0015286762389541,-0.000149210761217805,0.0215512488409352,-0.0104079654142406,0.000434194150565212,0.0631644381984572,-0.0629712197974917,0.0396800082289935,0.0477647915812258,-0.0501381809497989,0.0294135771508392,0.000558802769600822,0.000542459604194861,0.00214721358430421,-0.00970762830855347,0.00824228291281058,-0.00298600195477294
0.345,0.953431196981301,1.04439034502951,0.974058938711516,-0.15069880077332,0.120879214937001,-0.0827841453455748,0.00142072047806571,0.00156335329323506,-0.000165890400891741,0.0215584618216146,-0.0104002347631954,0.000433406113386333,0.0577999076618045,-0.058369189695574,0.0371748728876265,0.0427051944782011,-0.0457902620425712,0.0271117307652242,0.000449728092478394,0.000642614142821514,0.0020892756113999,-0.00961341402992387,0.00818997073462321,-0.00294229544980123
0.35,0.952693934581648,1.04497900776963,0.973653285634081,-0.144175876513503,0.114561233145791,-0.0794643289700361,0.00137804731713679,0.00159665871283681,-0.000181895926378243,0.0215654582070593,-0.0103923341673438,0.000432536370058544,0.0523144566951491,-0.0536759941391108,0.0346389246836305,0.0375186388586348,-0.0413461459420155,0.0247750461259543,0.000342627825040973,0.000741320089219959,0.00203230234965587,-0.00952125073263524,0.00813922900747712,-0.00289963692918224
0.355,0.951989739882122,1.04553571336882,0.973264421145093,-0.137471954516803,0.108096859546002,-0.0760690793814914,0.00133664096318257,0.00162861960701101,-0.000197243380686222,0.0215722444060971,-0.0103842704169208,0.000431588250886986,0.0467082461450685,-0.0488931722233488,0.0320731314453605,0.0322054051312285,-0.0368074713784821,0.0224045707694672,0.000237463465333858,0.000838603304430858,0.00197627530253487,-0.00943109721055949,0.00809002381135087,-0.00285800503541181
0.36,0.951319514311729,1.04605973747468,0.972892716849986,-0.130588470196506,0.1014891558946,-0.0726006248018366,0.00129647200520266,0.00165926269040565,-0.000211948431726602,0.0215788266789846,-0.0103760501676034,0.000430565006903453,0.0409819049833336,-0.0440226558130873,0.0294785279672202,0.0267662394623886,-0.0321762678789664,0.0200014176199235,0.000134197263512126,0.000934489169528819,0.0019211763539266,-0.00934291308378458,0.00804232193000135,-0.00281737881972175
0.365,0.950684151923986,1.04655037134806,0.972538533151345,-0.123526943472502,0.0947413093484708,-0.0690612185893915,0.00125751162752559,0.00168861428834618,-0.000226026381674217,0.0215852111404172,-0.0103676799424711,0.000429469811718374,0.0351365827899619,-0.0390667945299829,0.0268562182440906,0.0212024063061587,-0.0274549807934803,0.0175667672548885,3.27922063731567e-05,0.00102900259480627,0.0018669877603846,-0.00925665878282897,0.00799609083670786,-0.00277773773421646
0.37,0.950084538895383,1.04700692254488,0.972202219116593,-0.116289010757927,0.0878566545167418,-0.0654531418957666,0.00121973159665959,0.00171670034202673,-0.000239492176090037,0.0215914037624729,-0.0103591661339393,0.000428305763326591,0.0291740025122929,-0.0340283788113536,0.0242073775530953,0.0155157412092466,-0.0226464943921484,0.0151018700177312,-6.67879977817993e-05,0.00112216802878914,0.00181369214351415,-0.00917229553314601,0.0079512986803123,-0.00273906162416796
0.375,0.949521552858233,1.04742871570976,0.971884112332331,-0.108876459197614,0.0808386960553087,-0.0617787063455459,0.00118310424851272,0.00174354641360615,-0.000252360412813283,0.0215974103774907,-0.0103505150056669,0.000427075885868103,0.0230965126265118,-0.0289106604820267,0.021533254354449,0.00970870301758858,-0.0177541524745907,0.0126080479485002,-0.000164578933960329,0.00121400946708416,0.00176127248250737,-0.00908978533990916,0.00790791427154578,-0.00270133072046704
0.38,0.948996062057026,1.04781509348339,0.971584538745256,-0.10129126299125,0.0736911315848979,-0.0580402567231478,0.00114760247598239,0.00176917769120278,-0.000264645350632789,0.0216032366808871,-0.0103417326944394,0.00042578313134491,0.0169071376896697,-0.0237173702589117,0.0188351719827152,0.00378442447251945,-0.0127817759112865,0.010086696504615,-0.000260615494968622,0.00130455046105717,0.00170971210682158,-0.00900909097306878,0.00786590706963228,-0.0026645256322285
0.385,0.948508924318435,1.04816541752492,0.971303812489663,-0.0935356215686372,0.0664178746826696,-0.0542401736498892,0.0011131997169151,0.00179361899378102,-0.000276360917746767,0.02160888823391,-0.0103328252120263,0.000424430381295024,0.0106096261374513,-0.0184527315988456,0.0161145300996474,-0.00225323994818467,-0.00773367652748238,0.0075392860425568,-0.000354931895580482,0.00139381412634143,0.00165899468899678,-0.0089301759526711,0.00782524716915938,-0.00262862733954853
0.39,0.948060985826426,1.04847906964882,0.97104223570162,-0.0856119993131636,0.0590230776672369,-0.0503808762330071,0.00107986994243837,0.00181689477592206,-0.000287520720019846,0.0216143704663348,-0.0103237984470156,0.000423020448424698,0.00420849406282701,-0.0131214703063813,0.0133728058799409,-0.00839967020923601,-0.00261466674632875,0.00496736303189893,-0.000447561686387244,0.00148182315117415,0.00160910423760871,-0.00885300453442926,0.00778590528720566,-0.00259361718641229
0.395,0.947653079695658,1.04875545307455,0.970800098320013,-0.0775231664536652,0.0515111538691025,-0.0464648246672043,0.00104758764566741,0.00183902913247069,-0.00029813804904598,0.0216196886791021,-0.0103146581666233,0.000421556078199862,-0.00229093638851431,-0.00772881934185694,0.0106115549017135,-0.0146494422808243,0.00256993556840142,0.0023725509735068,-0.000538537767329774,0.00156859980455946,0.00156002509035356,-0.00877754169553646,0.00774785275071447,-0.00255947687374978
0.4,0.947286024338444,1.04899399378562,0.970577677874738,-0.069272240666358,0.043886799054081,-0.0424945227682082,0.00101632783078966,0.00186004580304913,-0.000308225890025478,0.0216248480469002,-0.0103054100184813,0.000420039950397703,-0.00888250543940809,-0.00228051831317484,0.00783241171440636,-0.0209962965191043,0.00781430758657202,-0.000243449005391114,-0.000627892400913269,0.00165416594425512,0.00151174190726059,-0.00870375312071076,0.00771106148410323,-0.00252618845263815
0.405,0.946960621623022,1.04919414199287,0.97037523926245,-0.0608627288496599,0.0361550116475062,-0.0384725204168824,0.000986066002531135,0.0018799681764288,-0.000317796929464046,0.0216298536206938,-0.0102960595324022,0.000418474680619314,-0.0155591923826307,0.00321719280148592,0.00503709005807381,-0.0274331143276644,0.0131121277556806,-0.00287885790528195,-0.000715657225105238,0.00173854302458051,0.00146423966402929,-0.00863160518846102,0.00767550399709735,-0.0024937343176486
0.41,0.946677654823791,1.04935537369518,0.970193034510347,-0.0522985684585381,0.0283211113931724,-0.0344014158916364,0.000956778156008153,0.00189881929475046,-0.000326863562701302,0.0216347103302016,-0.0102866121221231,0.000416862821764279,-0.0223131020074684,0.00875758606777854,0.00222738270974138,-0.0339519045449386,0.018456588182337,-0.0055318189819054,-0.000801863265916752,0.00182175210404256,0.0014175036454874,-0.00856106495756354,0.00764115337277765,-0.002462097200336
0.415,0.946437886367382,1.04947719232872,0.970031302528635,-0.0435841677148466,0.0203907560742316,-0.0302838580662646,0.000928440766968586,0.00191662185758319,-0.000335437901275786,0.0216394229863235,-0.0102770730870284,0.000415206865468021,-0.0291354621209417,0.0143334644080894,-0.000594839065317542,-0.0405438009270495,0.0238404134131792,-0.00820039826938938,-0.000886540949666891,0.00190381385277653,0.00137151943916661,-0.00849210015373875,0.00760798325583042,-0.00243126016286932
0.42,0.946242055382027,1.04955913049424,0.969890268852374,-0.0347244439497617,0.0123699559247362,-0.0261225484499326,0.000901030782426039,0.0019333982258129,-0.000343531780132994,0.0216439962835198,-0.010267447613853,0.000413509243502725,-0.0360166333940817,0.0199371869501603,-0.00342762647690279,-0.0471990719564627,0.0292558857521445,-0.0108825855184901,-0.000969720114930269,0.00198474855979839,0.00132627292899277,-0.00842467915651762,0.0075759678409889,-0.0024012065918009
0.425,0.946090875061525,1.04960075174984,0.969770145373579,-0.0257248592878429,0.00426508537110612,-0.0219202430458432,0.00087452561168993,0.00194917042535148,-0.00035115676468241,0.0216484348021455,-0.0102577407783663,0.000411772329142597,-0.0429461325568114,0.0255607009067524,-0.0062689546042168,-0.0539071439999918,0.0346948771094027,-0.013576295566337,-0.0010514300241676,0.00206457614006545,0.00128175028908763,-0.00835877098628786,0.00754508186165564,-0.0023719201919725
0.43,0.945985029859139,1.0496016524551,0.969671130064521,-0.0165914528534632,-0.0039171082368683,-0.0176797540051784,0.000848903117793417,0.00196396015065857,-0.000358324157708988,0.02165274301074,-0.0102479575470383,0.000409998438494208,-0.0499126696897549,0.0311955798273334,-0.0091167242340459,-0.0606566385644607,0.0401488872229215,-0.0162793701505164,-0.0011316993750395,0.00214331614134226,0.00123793797767921,-0.00829434529151002,0.00751530057869515,-0.00234338498055605
0.435,0.945925172530877,1.04956146365066,0.969593406693323,-0.00733086867309833,-0.0121694992154637,-0.0134039510532418,0.000824141609319774,0.00197778876806907,-0.000365045006143909,0.0216569252682748,-0.0102381027786882,0.000408189831792631,-0.0569042000212179,0.0368330679006387,-0.0119687641516322,-0.0674354240582538,0.0456090879315019,-0.0189895801763227,-0.00121055631140409,0.00222098775086911,0.00119482273111848,-0.00823137233609467,0.00748659976938704,-0.00231558528122681
0.44,0.945911921051711,1.04947985295597,0.969537144533042,0.00204962153551477,-0.0204845817264438,-0.00909576266534279,0.000800219832626162,0.00199067731892076,-0.000371330107698835,0.0216609858263622,-0.0102281812261173,0.000406348714664068,-0.063907990240891,0.0424641298228704,-0.0148228338886625,-0.0742306820702899,0.0510663730140362,-0.0217046284415952,-0.00128802843399962,0.00229760980183094,0.00115239155799964,-0.00816982298693226,0.00745895571653042,-0.00228850571846668
0.445,0.945945855432248,1.04935652646676,0.969502498065541,0.011542101451656,-0.0288544717660359,-0.00475817697087397,0.000777116964461707,0.00200264652247854,-0.000377190017367273,0.0216649288314251,-0.0102181975377267,0.00040447723935564,-0.0709106989016437,0.0480795055867775,-0.0176766269280358,-0.0810289877377752,0.0565114129502204,-0.0244221528187902,-0.00136414281081379,0.00237320077962525,0.00111063173338216,-0.00810966870156815,0.00743234519769101,-0.00226213121199501
0.45,0.946027514466981,1.04919123063258,0.969489606681564,0.0211379998085013,-0.0372709131244336,-0.000394242365252063,0.000754812604974417,0.00201371677865366,-0.000382635053796006,0.0216687583268314,-0.0102081562591205,0.000402577505932995,-0.0778984700148476,0.0536697693987212,-0.0205277743600092,-0.0878164033081585,0.0619347138098135,-0.0271397298888831,-0.00143892598714269,0.00244777882792824,0.00106953079311253,-0.0080508815160166,0.00740674547458367,-0.00223644697132442
0.455,0.946157392448514,1.04898375409455,0.969498594378514,0.0308280872082283,-0.0457252874109073,0.00399293218908501,0.000733286771098865,0.00202390817051869,-0.000387675305528938,0.0216724782549947,-0.0101980618346965,0.00040065156344638,-0.0848570384746254,0.0592253918008389,-0.0233738489790495,-0.0945785835306738,0.0673266793475459,-0.0298548790164151,-0.00151240399534283,0.00252136175455969,0.001029076528244,-0.00799343403270842,0.00738213428258388,-0.0022114384904388
0.46,0.946335935884737,1.04873392946261,0.969529569457555,0.0406024805566274,-0.0542086281681627,0.00840017718960144,0.00071251989031368,0.00203324046662193,-0.000392320637125078,0.0216760924594417,-0.0101879186092243,0.000398701411065808,-0.0917718454965934,0.0647368039698297,-0.0262123698053114,-0.101300891063024,0.0726776752751886,-0.0325650668495985,-0.00158460236428128,0.00259396703714796,0.000989256979552987,-0.00793729940856838,0.00735848982036328,-0.00218709154259056
0.465,0.946563540257908,1.04844163501219,0.969582624221683,0.0504506554265048,-0.0627116390246553,0.0128242629633602,0.000692492794754839,0.0020417331231074,-0.000396580695151819,0.021679604686851,-0.0101777308294124,0.000396728999185946,-0.0986281618523929,0.0701944630880237,-0.0290408070092306,-0.107968519674488,0.0779780946064363,-0.0352677122239606,-0.00165554612848983,0.00266561182859791,0.000950060432150899,-0.00788245134321991,0.00733579073964546,-0.00216339217521414
0.47,0.946840546865699,1.04810679628016,0.969657834676537,0.0603614664882462,-0.0712247157574537,0.0172619003919426,0.000673186715667653,0.00204940528564983,-0.00040046491405409,0.0216830185890615,-0.0101675026454659,0.00039473623050135,-0.105411216347076,0.0755889176403018,-0.0318565872123614,-0.114566622692504,0.0832184229281586,-0.0379601914426468,-0.00172525983703064,0.00273631296236574,0.000911475410190294,-0.00782886406731608,0.00731401613507982,-0.00214032670495243
0.475,0.947167239784506,1.0477293875412,0.969755260235746,0.0703231759621233,-0.0797379720633895,0.021709742001381,0.000654583278177214,0.00205627579121695,-0.000403982521899492,0.0216863377250554,-0.0101572381126338,0.000392724961052665,-0.112106326743747,0.0809108714845198,-0.0346570991324144,-0.121080443897121,0.0883893024456641,-0.0406398439013298,-0.00179376756208184,0.0028060869575462,0.000873490671664687,-0.00777651233099725,0.00729314553423275,-0.00211788171279301
0.48,0.947543842994626,1.04730943314653,0.969874943432647,0.0803234898573733,-0.0882412687650763,0.0261643834240074,0.000636664496354007,0.0020623631696743,-0.000407142545999042,0.0216895655629147,-0.0101469411927486,0.000390697001244403,-0.118699030205457,0.0861512455739745,-0.0374396995355706,-0.127495447933293,0.0934815936805044,-0.0433039780207945,-0.00186109290725336,0.00287495002377898,0.000836095203301341,-0.00772537139247727,0.00727315888769692,-0.00209604403931062
0.485,0.947970517705252,1.04684700870876,0.970016909640253,0.090349601575521,-0.0967242461132816,0.0306223652360407,0.000619412768548611,0.00206768564525065,-0.000409953818402807,0.0216927054817545,-0.0101366157557583,0.000388654116834938,-0.125175210308422,0.0913012362768918,-0.0402017194546694,-0.133797447295099,0.0984864337657892,-0.0459498774457873,-0.00192725901564386,0.00294291806598247,0.00079927821554661,-0.0076754170067618,0.00725403655932093,-0.00207480078001236
0.49,0.948447359914685,1.04634224211821,0.970181166801354,0.100388242277713,-0.105176358790182,0.0350801751715043,0.000602810872966801,0.00207226113788477,-0.000412424981269346,0.021695760773633,-0.0101262655812509,0.000386598029899332,-0.131521217785911,0.09635236933685,-0.0429404706278905,-0.139972723041188,0.103395290382914,-0.048574807464742,-0.00199228857765164,0.00301000668892429,0.000763029137643536,-0.00762662541450317,0.00723575931656293,-0.00205413928078223
0.495,0.94897439823773,1.04579531437855,0.970367705170617,0.110425737255534,-0.113586913170995,0.0395342507097261,0.000586841963454198,0.00207610726447639,-0.000414564492107694,0.0216987346454403,-0.0101158943599728,0.000384530419765637,-0.137723982383416,0.101296548644841,-0.0456532521091609,-0.146008136622084,0.108200010510398,-0.0511760216016062,-0.00205620383855264,0.00307623120163922,0.00072733761280151,-0.00757897333099799,0.00721830832097323,-0.00203404713342117
0.5,0.949551592028123,1.04520646025126,0.970576497070548,0.12044806740849,-0.121945106365711,0.043980982030271,0.000571489565457878,0.00207924134006632,-0.00041638062889041,0.0217016302207663,-0.0101055056953411,0.000382452923925304,-0.143771113530305,0.106126099142383,-0.0483373569987936,-0.151891230524516,0.112892863304225,-0.0537507683282676,-0.00211902660586033,0.00314160662170632,0.000692193493457912,-0.00753243793533438,0.00720166511881186,-0.00201451217127912
0.505,0.950178829819025,1.04457596870166,0.970807496663134,0.130440934824485,-0.130240066538956,0.0484167153257498,0.00055673757213107,0.00208168037897194,-0.000417881495036169,0.0217044505417491,-0.0100951031049499,0.000380367138918355,-0.149650987941861,0.110833803338902,-0.0509900792408649,-0.157610315846682,0.11746657659292,-0.0562962978440793,-0.00218077825648243,0.00320614767939753,0.000657586836631675,-0.00748699685969676,0.00718581163180827,-0.00199552246497549
0.51,0.950855928099455,1.04390418314109,0.971060639738904,0.140389831385806,-0.138460893994818,0.0528377564595779,0.000542570240546409,0.00208344109590546,-0.000419075024260356,0.0217071985709038,-0.0100846900220714,0.000378274621193967,-0.15535282273441,0.115412931098294,-0.0536087204325992,-0.16315454538713,0.121914366642227,-0.0588098688677456,-0.00224147974369037,0.00326986882171121,0.000623507899368783,-0.00744262817883677,0.00717073014807101,-0.00197706631820442
0.515,0.951582630438987,1.04319150146292,0.971335843525124,0.150280109284382,-0.146596702514511,0.0572403749524801,0.000528972187983064,0.00208453990710257,-0.000419968985292198,0.0217098771929331,-0.0100742697971506,0.000376176887947149,-0.160866733138441,0.119857262521836,-0.0561905965905783,-0.168513971332144,0.126229961016589,-0.0612887553863804,-0.00230115160391736,0.00333278421630398,0.000589947134279703,-0.00739931039971946,0.00715640331315556,-0.00195913226362135
0.52,0.952358606967461,1.04243837587216,0.971633006514692,0.160097052326328,-0.154636660447465,0.0616208082784071,0.000515928388253487,0.00208499293148916,-0.000420570986457103,0.0217124892165188,-0.0100638456992952,0.000374075417932148,-0.166183774402723,0.124161103920782,-0.0587330448189289,-0.173679587134652,0.130407614530722,-0.0637302533068813,-0.00235981396340143,0.00339490775533494,0.000556895185168707,-0.00735702245135391,0.0071428141212993,-0.00194170905880753
0.525,0.953183454210906,1.04164531251136,0.971952008317252,0.169825946935363,-0.162570031079742,0.0659752664475708,0.000503424168036579,0.00208481599191324,-0.000420888480123114,0.0217150373760954,-0.0100534209177592,0.000371971652253307,-0.171295967970714,0.128319297025911,-0.0612334298257419,-0.178643353665907,0.134442118438572,-0.0661316869558703,-0.0024174865446893,0.00345625305923594,0.000524342882755048,-0.00731574367481767,0.00712994590683221,-0.00192478568230914
0.53,0.954056695279573,1.04081287088733,0.972292709533882,0.179452151824266,-0.170386211836163,0.070299936851598,0.000491445203185516,0.00208402461646791,-0.000420928767010623,0.0217175243336056,-0.0100429985634196,0.000369866995134011,-0.176196312456345,0.132327221718239,-0.063689150235817,-0.183398210167046,0.138328803143823,-0.0684904153762843,-0.00247418867301683,0.00351683348042161,0.000492281240485794,-0.00727545381348409,0.00711778233577206,-0.00190835132974784
0.535,0.95497778039899,1.03994166310562,0.972654951656609,0.188961165388669,-0.17807477191266,0.074590989343337,0.000479977514980567,0.00208263403992991,-0.000420699000364807,0.021719952680236,-0.0100325816702468,0.000367762814664444,-0.180878780331764,0.136180792681254,-0.0660976446503378,-0.187938070913084,0.142063534832354,-0.0708038383712178,-0.00252993928258113,0.00357666210695235,0.000460701450440153,-0.00723613300346121,0.00710630739761241,-0.00189239540999989
0.54,0.955946087770528,1.03903235292157,0.973038556993851,0.198338689982767,-0.18562548798123,0.0788445815217063,0.000469007466299575,0.00208065920533621,-0.000420206189990625,0.0217223249381358,-0.0100221731967676,0.000365660443528815,-0.185338301552268,0.139876450468213,-0.068456397407219,-0.192257808814565,0.145642706520127,-0.0730694022487502,-0.00258475692271886,0.00363575176616275,0.000429594879324883,-0.00719776176425018,0.00709550539731123,-0.00187690754144077
0.545,0.956960924744018,1.03808565461821,0.973443328622723,0.207570692356249,-0.19302837765977,0.0830568641901342,0.000458521757681582,0.00207811476571886,-0.000419457206150582,0.0217246435621139,-0.0100117760275192,0.000363561179712761,-0.189570735576744,0.143411147547074,-0.0707629439995265,-0.196353227415184,0.149063224079108,-0.0752846052251532,-0.00263865976400404,0.00369411502826727,0.000398953064560388,-0.00716032098963076,0.00708536094748731,-0.00186187754825297
0.55,0.958021529281698,1.03710233172304,0.973869050369011,0.216643459659981,-0.200273730491154,0.0872239869556575,0.000448507423262083,0.00207501508601587,-0.000418458783325864,0.021726910941318,-0.0100013929744947,0.000361466287191599,-0.193572833394073,0.146782329930795,-0.0730148761134929,-0.200221022895826,0.152322487848922,-0.0774470024479948,-0.00269166560427803,0.00375176420995411,0.000368767710456855,-0.00712379193878002,0.0070758589608306,-0.00184729545679414
0.555,0.959127071690114,1.03608319557652,0.974315486815411,0.225543650559218,-0.207352136228467,0.0913421039346032,0.000438951826561618,0.00207137424517296,-0.00041721752384189,0.0217291294008914,-0.00999102677857847,0.000359376996600111,-0.197342191240461,0.1499879150232,-0.0752098462521162,-0.203858737769971,0.155418370464458,-0.079554210605123,-0.00274379187462305,0.00380871137797699,0.000339030684479764,-0.00708815622762991,0.00706698464273214,-0.00183315149202367
0.56,0.96027665659465,1.03502910376623,0.974782383338502,0.234258341122321,-0.214254510274967,0.0954073795300131,0.000429842656112751,0.00206720603844849,-0.000415739901359706,0.0217313012036095,-0.00998068011097044,0.000357294505884541,-0.200877197696853,0.153026266312367,-0.0773455719150677,-0.207264707959621,0.15834919153134,-0.0816039120902462,-0.00279505564528933,0.00386496835275359,0.000309734013603854,-0.0070533958204679,0.00705872348413751,-0.00181943607398543
0.565,0.961469325129965,1.03394095844109,0.975269466174706,0.242775065275833,-0.220972116176601,0.0994159942455477,0.000421167920913825,0.00206252397993056,-0.000414032264235103,0.0217334285514937,-0.00997035557459817,0.000355219980937462,-0.20417697579911,0.155896165527196,-0.0794198393105282,-0.210438004884409,0.161113689764945,-0.0835938587007272,-0.0028454736315849,0.00392054671197823,0.000280869880754584,-0.00701949302178386,0.00705106125462745,-0.0018061398143449
0.57,0.962704057318917,1.03281970452073,0.97577644251533,0.251081849729985,-0.227496585110895,0.103364150500547,0.000412915945701253,0.00205734130527283,-0.000412100838747685,0.0217355135874014,-0.00996005570551606,0.000353154556216177,-0.207241321688241,0.158596782841457,-0.0814305065795447,-0.213378374091186,0.163710993177245,-0.0855218748481745,-0.00289506219973573,0.00397545779425527,0.00025243062133592,-0.0069864304683655,0.00704398399572759,-0.00179325351297897
0.575,0.963979774612266,1.03166632781487,0.976303000630626,0.259167243379597,-0.23381993235783,0.107248078411203,0.000405075366035325,0.00205167097465238,-0.000409951732202543,0.0217375583965929,-0.00994978297429024,0.000351099335345296,-0.2100706411855,0.161127645666311,-0.0833755065184477,-0.21608617180888,0.166140587852462,-0.0873858602673681,-0.00294383737272266,0.00402971270275813,0.000224408719843184,-0.00695419112164299,0.00703747801444838,-0.00178076815461698
0.58,0.965295342561754,1.03048185306786,0.976848810022588,0.267020341272526,-0.239934570775399,0.111064041503389,0.000397635123197634,0.00204552567595041,-0.000407590935907501,0.0217395650082731,-0.00993953978736806,0.000349055391704109,-0.212665885509585,0.163488606520209,-0.0852528487897252,-0.218562300645858,0.168402285800438,-0.0891837922139077,-0.0029918148361003,0.00408332230891839,0.000196796806559575,-0.00692275826028285,0.00703152987705531,-0.0017686749055317
0.585,0.966649573599775,1.0292673419433,0.977413521606078,0.274630803310178,-0.245833321334537,0.114808342323602,0.000390584458901122,0.00203891782815413,-0.000405024328029233,0.0217415353971061,-0.00992932848843115,0.000347023768999386,-0.215028487171237,0.165679810407135,-0.087060621616423,-0.220808145465078,0.170496192318669,-0.0909137271456507,-0.00303900994380199,0.00413629725614753,0.000169587654334829,-0.00689211547302971,0.00702612640306832,-0.00175696511027903
0.59,0.968041229899829,1.02802389096304,0.977996767917686,0.281988867902331,-0.251509420794926,0.118477327915627,0.000383912909816471,0.00203185958497537,-0.000402257676331863,0.0217434714847047,-0.00991915135973096,0.000345005481824188,-0.217160296893763,0.167701662073042,-0.0887969929595814,-0.222825510285553,0.172422673232867,-0.0925738018874414,-0.00308543772393373,0.00418864796359335,0.000142774175444406,-0.00686224665179374,0.00702125465948835,-0.0017456302884856
0.595,0.969469026293182,1.02675262941489,0.978598163351566,0.2890853608418,-0.256956526624815,0.122067395131967,0.000377610301921008,0.0020243628386799,-0.000399296640801872,0.0217453751410905,-0.00990901062340562,0.000343001516203268,-0.219063522224205,0.169554793448406,-0.0904602111823554,-0.224616556874837,0.174182322323933,-0.094162234282777,-0.00313111288455897,0.00424038462993198,0.000116349418527482,-0.00683313598498052,0.00701690195524815,-0.0017346621316833
0.6,0.970931633218561,1.02545471724222,0.979217304421362,0.295911699694442,-0.262168719284654,0.12557499575069,0.000371666744678494,0.00201643922411885,-0.000396146776163393,0.0217472481861262,-0.00989890844277719,0.00034101283012563,-0.22074066832505,0.171240031523905,-0.0920486052082704,-0.226183745522426,0.175775929188385,-0.0956773233398546,-0.00317604981947517,0.00429151723719531,9.03065656019342e-05,-0.0068047679510594,0.00701305583588348,-0.00172405250019018
0.605,0.972427679683238,1.02413134292861,0.979853770047168,0.302459894017668,-0.267140502006294,0.128996641370179,0.000366072625060107,0.00200810012295243,-0.000392813534288126,0.0217490923909182,-0.00988884692362828,0.000339040354064771,-0.222194481274934,0.17275836684802,-0.0935605841844855,-0.227529778322509,0.177204447720999,-0.0971174488828686,-0.00322026261398221,0.00434205555463305,6.46389291544524e-05,-0.00677712731236531,0.00700970407842038,-0.0017137934200371
0.61,0.97395575621544,1.02278372138943,0.980507121866358,0.308722541727591,-0.271866798207215,0.13232890805621,0.000360818601418611,0.00199935666805431,-0.000389302266504282,0.0217509094791887,-0.00987882811545698,0.000337084991487129,-0.223427894061416,0.174110922780791,-0.0949946366639676,-0.228657545149146,0.1784689653539,-0.0984810707224544,-0.00326376505064187,0.00439200914260783,3.93399493038176e-05,-0.00675019910912868,0.00700683468647294,-0.00170387707993959
0.615,0.975514417789641,1.0214130918821,0.981176904566979,0.31469282193249,-0.276342946682961,0.13556844071787,0.000355895597229078,0.00199021974808397,-0.000385618225809057,0.0217527011286171,-0.00986885401270954,0.000335147619349231,-0.224443975321076,0.175298925587951,-0.0963493293230859,-0.229570072379127,0.179570673136327,-0.0997667273617862,-0.00330657061502688,0.00444138735652093,1.44031910353702e-05,-0.00672396865372721,0.00700443588554618,-0.00169429582831479
0.62,0.977102186707812,1.02002071594553,0.981862646242302,0.320364484540139,-0.2805646947214,0.138711957190995,0.000351294794710735,0.00198070001221314,-0.000381766568989215,0.0217544689721497,-0.0098589265559896,0.000333229088584009,-0.225245880772139,0.176323675414597,-0.0976233052333396,-0.230270474307682,0.180510836694216,-0.100973034257035,-0.00334869250145765,0.00449019935076599,-1.01776584953744e-05,-0.00669842152515288,0.00700249611853741,-0.00168504217034299
0.625,0.978717555421276,1.01860787537896,0.98256385876502,0.325731836929903,-0.284528189279758,0.141756252010003,0.000347007628345387,0.00197080787499183,-0.000377752358654439,0.0217562145992775,-0.00984904763324356,0.000331330224576735,-0.225836807191879,0.177186518137612,-0.0988152817077083,-0.230761907109323,0.181290768068816,-0.102098681652672,-0.00339014361872379,0.00453845408270708,-3.44087925920284e-05,-0.00667354356368704,0.00700100404142952,-0.00167610876507366
0.63,0.98035898927913,1.01717587026945,0.983280038179488,0.330789727958926,-0.288229966360321,0.144698199851258,0.000343025778308594,0.00196055352133858,-0.000373580565188094,0.0217579395572805,-0.00983921908092125,0.000329451827630994,-0.226219948714022,0.177888818061176,-0.0999240477435043,-0.231047525119005,0.181911798398662,-0.103142432013493,-0.00343093659578768,0.00458616031667763,-5.82962875816245e-05,-0.00664932086577619,0.00699994851916901,-0.00166748842257588
0.635,0.98202492919056,1.01572601707672,0.984010665110329,0.335533529546183,-0.291666938713496,0.147534758633329,0.000339341163830264,0.00194994691163929,-0.000369256068620074,0.0217596453524402,-0.00982944268511139,0.0003275946734251,-0.226398455158347,0.178431931389687,-0.100948461084609,-0.231130439145799,0.182375251379229,-0.104103117076243,-0.00347108378746643,0.00463332662799591,-8.18461053160223e-05,-0.00662573977910056,0.00699931862172151,-0.00165917410113309
0.64,0.983713794189474,1.01425964678342,0.984755205185661,0.33995911604979,-0.294836381988029,0.15026297226172,0.000335945936501645,0.0019389977869387,-0.000364783660426372,0.0217613334512181,-0.0098197201826513,0.000325759513459342,-0.226375392053708,0.178817180386843,-0.101887444926627,-0.231013676480317,0.182682417409017,-0.104979634544367,-0.0035105972800886,0.0046799614069928,-0.000105064095612498,-0.00660278689782764,0.00699910362029708,-0.00165115890448202
0.645,0.98542398389089,1.01277810311827,0.985513109473127,0.344062841622506,-0.297735919438004,0.152879973007819,0.000332832473545831,0.00192771567420833,-0.00036016804525997,0.0217630052814004,-0.00981005326221045,0.00032394707549439,-0.226153701974512,0.179045828108156,-0.102739984288821,-0.230700142215893,0.182834528309306,-0.105770944449742,-0.00354948889712163,0.00472607286304707,-0.000127955998635658,-0.00658044905804242,0.00699929298373766,-0.00164343607909605
0.65,0.987153880829379,1.0112827408591,0.986283814926899,0.347841515698506,-0.300363505284968,0.15538298351391,0.000329993371068943,0.00191610989167485,-0.000355413842617605,0.0217646622332093,-0.00980044356534758,0.000322158063981223,-0.225736166777026,0.179119053576117,-0.103505122076731,-0.230192581469896,0.182832732486843,-0.106476065205311,-0.00358777020476579,0.00477166902862361,-0.000150527447222731,-0.00655871333334602,0.00699987637505879,-0.00163599901151285
0.655,0.988901852670529,1.00977492422226,0.987066744843754,0.351292376731759,-0.302717406821554,0.157769318418112,0.000327421437308998,0.00190418955419285,-0.000350525588446874,0.0217663056603808,-0.00979089268754094,0.000320393160482869,-0.225125370293447,0.179037927252295,-0.104181954859177,-0.229493542063103,0.182678070393675,-0.107094069372282,-0.00362545251751034,0.00481675776330954,-0.000172783969154365,-0.00653756703061456,0.0070008436481377,-0.00162884122570648
0.66,0.990666254286908,1.00825602534447,0.987861309326312,0.35441306427294,-0.304796185330406,0.160036385595044,0.000325109685899277,0.0018919635786462,-0.000345507736698092,0.0217679368812085,-0.00978140217919172,0.000318653024088243,-0.22432366101632,0.178803386648012,-0.104769628382923,-0.228605337189713,0.182371450125839,-0.107624079165185,-0.00366254690364742,0.00486134675784328,-0.00019473098937297,-0.00651699768590958,0.0070021848445399,-0.00162195638050405
0.665,0.992445429690389,1.00672742286292,0.988666905751518,0.357201589438031,-0.306598675879291,0.16218168700982,0.00032305132916273,0.00187944068936247,-0.000340364660825229,0.0217695571795536,-0.0097719735466003,0.000316938291818367,-0.223333114281467,0.1784162119047,-0.105267332847691,-0.227530007586157,0.181913622991941,-0.108065261717483,-0.00369906419073917,0.00490544353813161,-0.00021637383215068,-0.00649699306053201,0.00700389019047624,-0.0016153382670471
0.67,0.994237713812837,1.00519050059911,0.989482919242422,0.359656303787516,-0.308123966040123,0.164202819184727,0.000321239771453569,0.00186662942352535,-0.000335100655240154,0.0217711678058216,-0.00976260825291558,0.000315249579025195,-0.222155493432022,0.177877001165785,-0.105674297963512,-0.226269282681289,0.181305158873507,-0.10841682412969,-0.00373501497103333,0.0049490554692496,-0.000237717723208963,-0.00647754113721101,0.00700595009388285,-0.0016089808062978
0.675,0.996041434127187,1.00364664635174,0.990308723141327,0.361775866600334,-0.30937137356633,0.166097473279515,0.00031966860256183,0.00185353813657,-0.000329719936724343,0.0217727699779062,-0.00975330771905711,0.000313587479783277,-0.220792209417566,0.177186145553811,-0.105989787811605,-0.22482454018196,0.180546421190806,-0.108678008321202,-0.00377040960682309,0.00499218975941845,-0.000258767791791912,-0.00645863011641955,0.0070083551416158,-0.00160287804659014
0.68,0.997854912100792,1.00209725080366,0.991143679482373,0.363559210491272,-0.310340423049614,0.16786343478775,0.000318331591196251,0.00184017500754719,-0.00032422664580213,0.0217743648821001,-0.00974407332461048,0.000311952567274464,-0.219244278248672,0.176343803558884,-0.106213095529124,-0.223196763514265,0.179637541280212,-0.108848085706187,-0.003805258235746,0.00503485346395617,-0.000279529072695207,-0.00644024841280851,0.00701109609675305,-0.00159702416122646
0.685,0.999676464472532,1.00054370654825,0.991987139461658,0.365005505283804,-0.311030821563777,0.169498582853042,0.000317222678560396,0.00182654804444209,-0.00031862484807949,0.0217759536739735,-0.00973490640869589,0.000310345394165831,-0.217512275686532,0.175349874637208,-0.106343537837299,-0.221386496500131,0.178578391981874,-0.108926351713032,-0.00383957077601788,0.00507705348919608,-0.000300006508252761,-0.00642238465175094,0.00701416389599587,-0.00159141344611929
0.69,1.00150440434467,0.998987407239936,0.992838443902994,0.366114120012264,-0.311442433289842,0.171000889210289,0.000316335972036528,0.00181266508943412,-0.000312918535552275,0.0217775374792204,-0.0097258082708103,0.000308766492980989,-0.215596288497674,0.174203971811107,-0.106380449431694,-0.219393794599261,0.177368560229097,-0.108912120166086,-0.00387335693159657,0.00511879659636829,-0.000320204950282997,-0.00640502766598844,0.00701754964716219,-0.00158604031747893
0.695,1.00333704207973,0.99742974687428,0.993696923717449,0.366884582886799,-0.311575253103312,0.172368416758217,0.000315665738991375,0.00179853382408473,-0.000307111627887776,0.0217791173944744,-0.00971678017164347,0.000307216376464919,-0.213495861543035,0.172905393054341,-0.106323177252589,-0.217218171985686,0.176007318423216,-0.10880471754769,-0.0039066261972711,0.00516008940543894,-0.000340129161996761,-0.00638816649237159,0.00702124462676431,-0.00158089930954701
0.7,1.00517268599161,0.995872119202763,0.994561900354839,0.367316539011379,-0.311429379090942,0.173599317770648,0.000315206400717574,0.00178416177444009,-0.000301207973683407,0.0217806944880933,-0.00970782333386824,0.000305695537942462,-0.211209939896481,0.1714530912386,-0.106171074652904,-0.214858543654003,0.174493594369869,-0.108603477157919,-0.00393938786367146,0.00520093839890248,-0.000359783819868806,-0.00637179036868626,0.00702524027766358,-0.00157598507237621
0.705,1.00700964281924,0.994315917287748,0.995432686245401,0.367409705598147,-0.311004983950949,0.174691831754937,0.000314952526524341,0.00176955631603627,-0.000295211351706306,0.0217822698009138,-0.00969893894290557,0.000304204451670558,-0.208736805097718,0.169845642408724,-0.105923495480653,-0.212313161660264,0.172825939544178,-0.108307733189016,-0.00397165102219413,0.00524134992552181,-0.000379173515474826,-0.00635588873055771,0.00702952820679449,-0.00157129236965662
0.71,1.00884621796934,0.992762533203353,0.996308585229884,0.367163824369785,-0.310302285217023,0.175644282967012,0.00031489882799072,0.00175472467879429,-0.000289125472117585,0.0217838443469771,-0.00969012814766478,0.000302743573184338,-0.206074004535626,0.168081212145551,-0.10557978809268,-0.209579544493505,0.171002495443783,-0.107916814731266,-0.00400342456983844,0.00528133020401124,-0.000398302757296006,-0.00634045120842441,0.00703410018295071,-0.00156681607658899
0.715,1.01068071551346,0.991213357888307,0.997188892976385,0.366578610784046,-0.309321514233003,0.176455077593369,0.000315040153394723,0.00173967395179302,-0.000282953977684981,0.0217854191142263,-0.00968139206125965,0.000301313339637109,-0.203218272826932,0.166157519766573,-0.105139289316428,-0.206654398442868,0.169020957779854,-0.107430039727053,-0.00403471721394877,0.00532088532665714,-0.00041717597249307,-0.00632546762457332,0.00703894813462555,-0.00156255117780534
0.72,1.0125114379223,0.989669781157222,0.998072897382285,0.365653699649977,-0.308062883791399,0.177122700611312,0.000315371482331738,0.00172441108790724,-0.000276700444987657,0.0217869950651766,-0.009672731761701,0.000299914170134316,-0.200165443898228,0.164071800106045,-0.104601318376775,-0.203533529668284,0.166878538247759,-0.106846708890146,-0.00406553747685713,0.00536002126287082,-0.000435797508651823,-0.00631092799022826,0.00704406414789916,-0.00155849276533739
0.725,1.01433668551803,0.988133191877225,0.998959878959705,0.364388586631914,-0.306526554335426,0.17764571233961,0.000315887920535845,0.00170894290829861,-0.000270368385616943,0.0217885731375583,-0.00966414829256637,0.000298546466061475,-0.196910352292099,0.161820762608528,-0.103965170805561,-0.200211745495492,0.164571923611355,-0.106166099607823,-0.00409589370042073,0.00539874386266811,-0.000454171635502211,-0.00629682250268272,0.00704944046436461,-0.00155463603663321
0.73,1.0161547556227,0.986604978317402,0.999849111202969,0.362782565053437,-0.304712598610712,0.178022744692697,0.000316584694918102,0.00169327610674658,-0.000263961247376833,0.0217901542449357,-0.00965564266364773,0.000297210611406115,-0.193446721995545,0.159400547463755,-0.103230112352391,-0.196682743233574,0.16209723182878,-0.105387459844411,-0.00412579405044847,0.00543705886006971,-0.000472302546612961,-0.00628314154246834,0.00705506947908462,-0.0015509762926229
0.735,1.01796394137746,0.985086528679126,1.00073986093663,0.360834657316903,-0.302620964639618,0.178252497152507,0.000317457148836582,0.00167741725380561,-0.00025748241548815,0.0217917392773005,-0.00964721585157792,0.000295906973073708,-0.189767040825127,0.156806678507401,-0.102395372916653,-0.192938984549437,0.159449964944326,-0.104510002066192,-0.00415524652101,0.00547497187641585,-0.000490194361063901,-0.00626987567054958,0.00706094373857053,-0.00154750893583369
0.74,1.01976253020383,0.983579231815988,1.00163138864267,0.35854354014259,-0.3002514368784,0.17833373247306,0.00031850073761386,0.00166137280077448,-0.000250935213800374,0.0217933291016429,-0.00963886880043674,0.000294635901197554,-0.185862418091641,0.154034012613272,-0.10146014052249,-0.188971553122013,0.156624958471915,-0.103532897209404,-0.00418425893862036,0.00551248842358842,-0.000507851125098106,-0.00625701562553488,0.00706705593877431,-0.00154422946855537
0.745,1.02154880187379,0.98208447815281,1.00252294876559,0.355907462702062,-0.297603595405587,0.178265272134113,0.000319711024318994,0.00164514908346207,-0.000244322906015236,0.0217949245625008,-0.00963060242233775,0.00029339772944259,-0.181722422899965,0.151076685309737,-0.100423555360806,-0.184769992931867,0.153616327002988,-0.102455268715407,-0.00421283896629239,0.00554961390713291,-0.000525276813756082,-0.00624455232089375,0.00707339892308393,-0.00154113349105676
0.75,1.02332102615057,0.980603660813959,1.00341378999423,0.352924156569922,-0.294676772979382,0.178045991561379,0.000321083675832695,0.00162875232573245,-0.000237648696926333,0.0217965264824885,-0.00962241759799677,0.000292192775303035,-0.177334900008834,0.147928052369628,-0.0992847039252293,-0.180322124110914,0.150417405788028,-0.101276186659949,-0.00424099410744837,0.00558635362927155,-0.000542475332494275,-0.00623247684216827,0.00707996568031148,-0.00153821669985423
0.755,1.02507745995615,0.979138176972071,1.00430315551902,0.349590736242944,-0.291470009793409,0.17767481513235,0.000322614459216551,0.00161218864281016,-0.000230915733679186,0.0217981356628068,-0.00961431517728321,0.000291021340393789,-0.1726857596715,0.144580627151878,-0.0980426132724809,-0.175613832773229,0.147020688069985,-0.0999946620069667,-0.00426873170968105,0.005622712791798,-0.000559450518790266,-0.00622078044416685,0.00708674934266234,-0.00153547488603316
0.76,1.02681634401489,0.977689429429106,1.00519028326389,0.345903588771627,-0.287982005754599,0.177150710988312,0.000324299238409886,0.00159546404432391,-0.000224127107056343,0.0217997528837351,-0.00960629597975556,0.000289883710735474,-0.167758737292387,0.141026013519632,-0.0966962454417753,-0.170628830662047,0.143417757994349,-0.0986096410215484,-0.00429605896835295,0.00565869649884247,-0.000576206143737094,-0.00620945454812609,0.00709374318367233,-0.00153290393362366
0.765,1.02853589891448,0.976258828442582,1.00607440609179,0.341858250811927,-0.284211070105706,0.17647268567508,0.00032613397128116,0.00157858443706375,-0.000217285852792361,0.0218013789051086,-0.00959836079518235,0.000288780157032974,-0.162535118058467,0.13725483422955,-0.0952444920728574,-0.165348379771675,0.139599218990555,-0.0971199998816621,-0.00432298293002109,0.00569430975949458,-0.000592745913629275,-0.00619849073882577,0.00710094061609809,-0.00153049981803161
0.77,1.03023432051678,0.974847793810698,1.00695475198292,0.337449271129357,-0.280155068219544,0.175639778637096,0.000328114707064971,0.0015615556274227,-0.00021039495292372,0.0218030144667812,-0.0095905103840501,0.000287710934947315,-0.156993420930422,0.133256654788336,-0.0936861692680942,-0.159750976329372,0.135554617620795,-0.095524539534061,-0.00434951049567246,0.00572955749026889,-0.000609073471543165,-0.00618788076163929,0.00710833518974402,-0.00152825860452658
0.775,1.03190977464008,0.973457757230895,1.00783054418528,0.332670056268998,-0.275811365404833,0.174651056592073,0.000330237584220758,0.00154438332348898,-0.000203457337179008,0.0218046602890767,-0.00958274547805991,0.000286676285360699,-0.151109035505805,0.129019902915497,-0.0920200127508245,-0.153811987649427,0.131272363035181,-0.0938219808465718,-0.00437564842375281,0.00576444451739581,-0.000625192398914456,-0.00617761651950012,0.0071159205892063,-0.00152617644678811
0.78,1.03356039092217,0.972090164947144,1.00870100133674,0.327512696738317,-0.271176767587324,0.173505607816189,0.000332498828755421,0.001527073136749,-0.000196475884414978,0.0218063170732309,-0.00957506678061459,0.000285676434634475,-0.14485380430052,0.124531783948642,-0.0902446733800088,-0.147503234405709,0.126739642369633,-0.0920109601168014,-0.00440140333296871,0.0057989755789172,-0.000641106217115711,-0.00616769006976136,0.00712369063151169,-0.00152424958551204
0.785,1.03518425575932,0.970746480701859,1.00956533755844,0.321967770631674,-0.266247458768525,0.172202536373207,0.000334894753059504,0.00150963058335358,-0.000189453424104382,0.0218079855018258,-0.00956747496729827,0.000284711594859798,-0.138195541957064,0.119778192795989,-0.0883587130902457,-0.140792509831189,0.121942332691094,-0.0900900250063292,-0.00442678170483917,0.00583315532656241,-0.000656818389036966,-0.00615809362092268,0.00713163926362504,-0.00152247434707872
0.79,1.03677940419968,0.969428189008672,1.01042276251923,0.316024121154445,-0.261018935222655,0.170740956324667,0.000337421755315517,0.00149206108489152,-0.000182392737881793,0.02180966623922,-0.00955997068635093,0.000283781964100711,-0.131097481823966,0.114743623400494,-0.0863606013365608,-0.133643026288804,0.116864910454525,-0.088057630979786,-0.00445178988596879,0.00586698832737578,-0.000672332320672586,-0.00614881952919405,0.00713976055979472,-0.00152084714228522
0.795,1.03834381065078,0.968136798762298,1.01127248147125,0.309668603983855,-0.255485936476722,0.169119985962713,0.0003400763195477,0.00147436996860334,-0.000175296561153915,0.0218113599319774,-0.00955255455914047,0.000282887726629342,-0.123517639347231,0.10941107715709,-0.0842487121351785,-0.126012778654509,0.111490359913154,-0.0859121383400302,-0.00447643409000965,0.00590047906506136,-0.000687651362717648,-0.00613986029486131,0.00714804871870011,-0.00151936446514348
0.8,1.03987537823879,0.966873847201237,1.01211369525677,0.302885799843395,-0.24964237323663,0.167338742112137,0.000342855016395366,0.00145656246695534,-0.000168167584781179,0.0218130672092983,-0.00954522718063518,0.000282029053152864,-0.11540808092328,0.10376197235045,-0.0820213218049202,-0.117853813161989,0.105800082549374,-0.0836518099640595,-0.00450072039927279,0.00593363194100373,-0.000702778812177304,-0.00613120855841212,0.00715649806035822,-0.00151802289174697
0.805,1.04137192663309,0.965640904237848,1.01294560028688,0.295657687091298,-0.243481252584029,0.165396334553967,0.000345754504707252,0.0014386437164786,-0.000161008456837663,0.0218147886834555,-0.0095379891198802,0.000281206101031867,-0.10671408653945,0.0977760574939223,-0.0796766075291124,-0.109111390035096,0.0997738104069606,-0.0812748098595432,-0.00452465476594325,0.00596645127491622,-0.000717717913992634,-0.00612285709637402,0.0071651030227393,-0.00151681907920802
0.81,1.04283117812189,0.964439577168176,1.01376738849267,0.287963268575057,-0.236994600986494,0.163291860629514,0.000348771534072414,0.00142061875575879,-0.000153821784456562,0.0218165249502419,-0.00953084092048187,0.000280419014489709,-0.0973731950899722,0.0914313324965575,-0.0772126468751362,-0.0997230287959183,0.0933895272515124,-0.0787792026791002,-0.00454824301284393,0.00599894130505823,-0.000732471862686588,-0.00611479881680796,0.00717385815803126,-0.0015157497646686
0.815,1.04425074169495,0.963271515770545,1.01457824725006,0.279778146560914,-0.230173385952756,0.161024400091236,0.000351902948424536,0.00140249252244101,-0.000146610135768554,0.0218182765894323,-0.00952378310110446,0.000279667924812419,-0.0873141233704089,0.08470398291753,-0.0746274184282075,-0.0896174272514689,0.0866234028184131,-0.0761629543489141,-0.00457149083368368,0.00603110618795224,-0.000747043804033691,-0.00610702675439025,0.00718275812848217,-0.00151481176438698
0.82,1.04562809485782,0.962138417796823,1.01537735927961,0.271074039339537,-0.22300743754346,0.158593010275264,0.000355145690881473,0.001384269849088,-0.000139376041940335,0.0218200441652671,-0.00951681615598474,0.000278952950538649,-0.0764555544721703,0.0775683342451193,-0.0719188037178744,-0.0787132498806076,0.0794497470854835,-0.0734239339901659,-0.0045944037927134,0.00606294999751809,-0.0007614368367571,-0.00609953406500487,0.00719179770173669,-0.00151400197290284
0.825,1.04696056287034,0.961042034853076,1.01616390252323,0.261818233348651,-0.215485371437972,0.155996721680032,0.0003584968100106,0.00136595545769993,-0.000132121999320398,0.0218218282269627,-0.00950994055547047,0.000278274197639184,-0.0647048002474376,0.0699968352237536,-0.0690845906402664,-0.0669177902915186,0.071840993593821,-0.0705599173363204,-0.0046169873237,0.00609447672352676,-0.000775654014256547,-0.00609231401975397,0.00720097174556724,-0.00151331736228353
0.83,1.04824529507346,0.959984178656301,1.01693704999991,0.251972965676782,-0.207594515884138,0.153234534046244,0.00036195346774333,0.0013475539526699,-0.000124850471698624,0.0218236293092581,-0.00950315674659016,0.000277631759685429,-0.0519563581727057,0.0619600818083338,-0.0661224786065455,-0.054125528077955,0.0637677233960414,-0.0675685918767117,-0.00463924672811323,0.00612569026925825,-0.000789698346370464,-0.00608535999827939,0.00721027522188287,-0.00151275498145355
0.835,1.04947923794795,0.958966727640395,1.01769596964345,0.241494734144174,-0.199320845648349,0.150305413045564,0.000365512949198586,0.00132906981191058,-0.000117563892685409,0.0218254479330055,-0.0094964651536624,0.000277025718006304,-0.0380904090162642,0.0534268963990473,-0.0630300856784567,-0.0402166264795666,0.0551987442851325,-0.064447563987325,-0.00466118717240233,0.00615659444822834,-0.000803572801175209,-0.00607866548127052,0.00721970317987948,-0.00151231195560931
0.84,1.05065910454465,0.957991633866565,1.01843982412526,0.230333536599128,-0.190648927066613,0.147208287699028,0.000369172674714212,0.00131050737584581,-0.000110264668214744,0.0218272846058153,-0.0094898661789549,0.000276456141832936,-0.0229713436354592,0.0443644806225845,-0.0598049579854496,-0.0250554591721499,0.0461012435698265,-0.0611943683432434,-0.00468281368422111,0.00618719297982732,-0.000817280306823755,-0.00607222404201484,0.00722925074817262,-0.00151198548572062
0.845,1.05178133995148,0.957060930169961,1.01916777066646,0.218432048818585,-0.181561879501151,0.143942048661248,0.000372930214425344,0.00129187083391722,-0.000102955179173721,0.0218291398227671,-0.00948336020340449,0.000275923088430525,-0.00644647267147283,0.0347386640434608,-0.0564445817544851,-0.00848931995555505,0.0364410367801958,-0.0578064799438732,-0.00470413114744001,0.00621748948369065,-0.000830823753425366,-0.00606602933682812,0.00723891312573173,-0.00151177284811942
0.85,1.0528420825392,0.956176737444272,1.01987896084385,0.205724763200878,-0.172041359951711,0.140505547523315,0.000376783305766568,0.00127316420821478,-9.56377841583717e-05,0.0218310140672019,-0.0094769475874117,0.000275426603216737,0.0116548277560184,0.0245142756886783,-0.0529463983231163,0.00965243155839265,0.0261829391866996,-0.0542813291215334,-0.00472514429576478,0.00624748747259876,-0.000844205994966676,-0.00606007509418187,0.00724868557141159,-0.00151167139417523
0.855,1.05383712088571,0.955341271928213,1.02057254039527,0.192137130751397,-0.162067579266398,0.136897597305446,0.000380729874298735,0.00125439133381029,-8.83148223515083e-05,0.0218329078116083,-0.00947062867172521,0.000274966719866011,0.0315211352760672,0.0136556698653116,-0.0493078225477226,0.02955838917972,0.0152912916122675,-0.0506163199452874,-0.00474585770476651,0.00627719034368529,-0.000857429851272855,-0.00605435510233128,0.00725856339185887,-0.00151167855005524
0.86,1.05476184656331,0.954556852310748,1.02124764903083,0.177584779857111,-0.151619360314652,0.133116974330758,0.000384768058277519,0.0012355558353523,-8.09886165144575e-05,0.0218348215186239,-0.00946440377843383,0.000274543460399196,0.0533575596307205,0.00212744200328852,-0.0455262650616704,0.0514336785110429,0.00373067626968637,-0.0468088524747887,-0.00476627578211774,0.00630660136771899,-0.000870498110005852,-0.00604886319523608,0.00726854192755774,-0.00151179181656502
0.865,1.0556112034483,0.953825906415044,1.02190342025737,0.161972931049248,-0.140674250580921,0.129162421692547,0.000388896237346132,0.00121666109950872,-7.36614760771034e-05,0.0218367556421677,-0.0094582732120857,0.000274156835257967,0.0773819982336281,-0.0101046266976104,-0.0415991588787563,0.0754962125125203,-0.00853313859668733,-0.0428563493594949,-0.00478640275583707,0.00633572367623112,-0.000883413528693744,-0.00604359323657561,0.00727861653678502,-0.00151200876906301
0.87,1.0563796349605,0.95315097715346,1.02253898122474,0.145196191200963,-0.129208703771009,0.125032654549962,0.000393113065648989,0.00119771024292272,-6.63357003028621e-05,0.0218387106287288,-0.00945223726095632,0.000273806843363599,0.103817848027986,-0.0230723563209372,-0.0375239908738921,0.101969403366015,-0.021531985769295,-0.0387562873152059,-0.00480624266037548,0.00636456024629029,-0.000896178836781935,-0.00603853910168928,0.00728878257727564,-0.00151232705743884
0.875,1.05706103176112,0.952534727367834,1.02315345260366,0.127138995563574,-0.117198346980862,0.120726367509946,0.000397417509486455,0.00117870607551903,-5.90135814953684e-05,0.0218406869188305,-0.00944629619848854,0.000273493472159785,0.132881598235229,-0.0368036508035465,-0.0332983386998877,0.131069755229885,-0.035293781632426,-0.0345062340367842,-0.00482579932044531,0.00639311388279895,-0.000908796737693043,-0.00603369465734173,0.00729903538547127,-0.00151274440614125
0.88,1.0576486840303,0.951979943082717,1.02374594850628,0.10767706839649,-0.104618351424553,0.116242244375547,0.000401808889309627,0.00115965105931439,-5.16974082008919e-05,0.0218426849486947,-0.00944045028492732,0.000273216697639423,0.164763485939395,-0.0513206494362651,-0.0289199137088206,0.162987519829316,-0.049840677677866,-0.0301038911155399,-0.00484507633262071,0.00642138719832388,-0.000921269910877216,-0.00602905373934,0.00730937025336335,-0.00151325861423686
0.885,1.05813524456436,0.951489534607585,1.02431557646203,0.086680376962348,-0.0914439251505568,0.111578970561071,0.000406286925346589,0.00114054726339241,-4.43894683458053e-05,0.0218447051521257,-0.00943469976917046,0.00027297648435551,0.199599525058148,-0.0666375393018337,-0.0243866104293876,0.197858725433211,-0.0651868729477195,-0.025547143512679,-0.00486407704494592,0.00644938259069978,-0.000933601013828985,-0.00602461012823734,0.00731978240316835,-0.0015138675554747
0.89,1.05851271150356,0.951066534834132,1.02486143746284,0.0640181216969881,-0.077650944925488,0.106735248490783,0.000410851785400018,0.00112139631645819,-3.7092052231227e-05,0.0218467479626274,-0.0094290448908513,0.000272772785416684,0.23743415099533,-0.0827580512834988,-0.0196965630945011,0.235727821512473,-0.0813361100477852,-0.0208341160830719,-0.0048828045350991,0.0064771022189879,-0.000945792684040269,-0.00602035752366994,0.00733026696041604,-0.00151456917832569
0.895,1.05877244218505,0.950714093997111,1.02538262609355,0.0395662681052718,-0.0632167406908519,0.101709816307094,0.000415504132332762,0.00110219935942105,-2.98074552876996e-05,0.0218488138157612,-0.00942348588265981,0.000272605542468334,0.278175011522238,-0.0996727076732497,-0.0148482096002152,0.276502469626918,-0.0982789227604832,-0.0159632375304285,-0.00490126158808964,0.00650454797884704,-0.000957847540852165,-0.00601628951830292,0.007340818926507,-0.00151536150595881
0.9,1.05890521164495,0.950435470116545,1.02587823076473,0.0132178831134773,-0.0481210387565202,0.0965014702125736,0.000420245167495133,0.00108295700173311,-2.25379804721394e-05,0.0218509031517325,-0.00941802297289328,0.000272474685660788,0.32154547648382,-0.117355950908114,-0.00984036308968629,0.319906053136978,-0.115989764785745,-0.0109333119875813,-0.0049194506750056,0.00653172147897154,-0.000969768187161073,-0.00601239957290064,0.00735143315239282,-0.00151624263610859
0.905,1.05890132937654,0.950234014335403,1.02634733406705,-0.0151040108563373,-0.032347058299204,0.0911090907531349,0.000425076664992678,0.00106366928658742,-1.52859401685286e-05,0.0218530164181737,-0.00941265638820554,0.000272380133606691,0.367045846013787,-0.135763358593191,-0.00467229107649755,0.365438885424224,-0.134424224768555,-0.00574359813620636,-0.00493737393491827,0.00655862402090591,-0.000981557210927901,-0.00600868099462707,0.00736210431568751,-0.0015172107407823
0.91,1.05875082444102,0.950113150433066,1.02678901326734,-0.0454322297493291,-0.0158827392709726,0.0855316733119819,0.000430000990558899,0.00104433567123431,-8.05365743480501e-06,0.021855154073063,-0.00940738635649514,0.000272321793330443,0.413939007931392,-0.154829231769564,0.000656198362309736,0.412363867293446,-0.153516614571275,-0.000393895396320999,-0.00495503316256765,0.00658525658511914,-0.000993217186433444,-0.00600512692119837,0.00737282690409219,-0.00151826406574881
0.915,1.0584437006027,0.950076347955225,1.02720234096827,-0.0777420717979335,0.00127794117054338,0.0797683630201217,0.000435021098363201,0.00102495502911886,-8.43466423716034e-07,0.0218573165876852,-0.00940221310984015,0.000272299560213397,0.461276609921399,-0.174464914755097,0.00614466428161902,0.459732659157812,-0.173178289118775,0.00511536377256147,-0.00497242980469897,0.00661161982649276,-0.00100475067521914,-0.00600173031375651,0.00738359520828592,-0.00151940092974792
0.92,1.05797025001654,0.950127088674175,1.02758638595373,-0.111941772746226,0.0191336303670459,0.0738184941952924,0.000440140499888176,0.0010055256797269,6.3422882016691e-06,0.0218595044495085,-0.00939713688735514,0.000272313317939391,0.507973776224138,-0.194558240230507,0.0117919359807311,0.50646039773402,-0.193297091488742,0.0107830169873189,-0.00498956496767121,0.00663771408209272,-0.0010161602266512,-0.00599848396108338,0.00739440332715185,-0.00152061972335728
0.925,1.05732139895416,0.950268826485493,1.02794021424282,-0.147869644353189,0.0376743296434395,0.0676816342954523,0.000445363201402302,0.000986045449593523,1.35012530330196e-05,0.0218617181648282,-0.00939215793782162,0.000272362938446081,0.552923976029261,-0.214974463148345,0.0175960136626812,0.551440564441036,-0.213738286824824,0.0166070726038646,-0.00500643943805697,0.00666353939308248,-0.0010274483780481,-0.00599538049687356,0.00740524518719493,-0.0015219189074564
0.93,1.05648904737849,0.950504941341671,1.02826289037453,-0.18529950111707,0.0568802982854073,0.0613576322184089,0.00045069361039016,0.000966511764023904,2.06310690191624e-05,0.0218639582610192,-0.00938727652193569,0.000272448281888383,0.595127733531913,-0.235558930311844,0.0235539693219708,0.593673695461167,-0.234347231919556,0.0225846106081402,-0.0050230537164409,0.00668909554093909,-0.00103861765431768,-0.0059924124302715,0.00741611457631204,-0.00152329701123298
0.935,1.05546636129322,0.950838688376609,1.02855347894415,-0.223953842281832,0.0767212442913438,0.0548466706038072,0.000456136415804062,0.000946921764496113,2.77293760276697e-05,0.0218662252882514,-0.00938249291402961,0.000272569196621042,0.633800507076245,-0.25614153046846,0.0296618509528286,0.632375260888362,-0.254953825311892,0.0287116868275735,-0.00503940806279801,0.00671438209609264,-0.00104967056706,-0.00598957218805311,0.00742700519003397,-0.00152475262968755
0.94,1.05424798492585,0.95127314391786,1.02881104641006,-0.263522168580981,0.0971559039765145,0.0481493216107893,0.000461696450972886,0.000927272442684773,3.47938189346454e-05,0.0218685198205601,-0.00937780740316064,0.0002727255192078,0.668432747747946,-0.276542713462692,0.0359145933597739,0.667035723325448,-0.275378526443943,0.0349832437447751,-0.00505550255017148,0.00673939847525882,-0.00106060961310753,-0.00598685216517021,0.00743791068650787,-0.0015262844206069
0.945,1.05283015614689,0.951811150532923,1.02903466318677,-0.303680740275884,0.118132085393867,0.0412666054693384,0.000467378550273433,0.000907560779759672,4.18220552457343e-05,0.0218708424562091,-0.00937322029351152,0.000272917074464866,0.698794430986775,-0.296580610480207,0.0423059387851516,0.697425069501265,-0.295439475908949,0.0413930311281451,-0.00507133712235293,0.00676414400261474,-0.00107143727249297,-0.00598424477935944,0.00744882474536963,-0.00152789110099623
0.95,1.05121072680048,0.952455263532191,1.02922340603579,-0.344110373032261,0.139587209195261,0.0342000509511174,0.000473187410776489,0.000887783879549,4.88117641742955e-05,0.0218731938173461,-0.00936873190410534,0.000273143675546178,0.724895447952969,-0.31607859046821,0.048828370259179,0.723553201641595,-0.314960051875398,0.0479335393849296,-0.0050869116511018,0.00678861796980984,-0.00108215600585795,-0.00598174252535116,0.00745974112549686,-0.00152957144298263
0.955,1.04938910376789,0.953207701397647,1.02937636076179,-0.384510116111237,0.161449331215659,0.0269517567869678,0.000479127468239345,0.000867939086088697,5.57606570236297e-05,0.0218755745489988,-0.00936434256789026,0.000273405124077397,0.74692283502585,-0.334872498228911,0.0554730600966104,0.74560716697219,-0.333776108184195,0.0545959480608373,-0.00510222598906145,0.00681281969053354,-0.00109276825134058,-0.00597933802483459,0.00747065371736341,-0.00153132426922715
0.96,1.04736613364445,0.954070302403225,1.02949262521583,-0.424606122538401,0.183638582024592,0.0195244529777288,0.0004852027938361,0.000848024079178751,6.26664886464362e-05,0.0218779853175002,-0.0093600526302896,0.000273701210344608,0.765174734397444,-0.352816859982792,0.0622298354099905,0.763885118316735,-0.351742179915534,0.0613700913561843,-0.005117280015633,0.00683674854663223,-0.00110327642100439,-0.00597702406943923,0.0074815565869869,-0.0015331484479075
0.965,1.04514395436405,0.955044489263094,1.0295713126028,-0.464156134273296,0.206068918412154,0.0119215609001041,0.000491417014785023,0.000828036944919724,6.9527069694267e-05,0.0218804268084573,-0.00935586244733596,0.000274031713542433,0.780003939448204,-0.369789503628073,0.0690871619869769,0.778739859476818,-0.368736103651918,0.0682444420060526,-0.00513207367430599,0.00686040402418694,-0.00111368289689299,-0.00597479365523022,0.00749244400988012,-0.00153504288735511
0.96962,1.04291640037992,0.956044682721915,1.02960986571374,-0.500032919327387,0.226930672517715,0.00474401049854451,0.000497285136154942,0.000809503445158027,7.58241851659342e-05,0.0218827106633149,-0.00935207970466633,0.000274367490827398,0.790980796944171,-0.384524738723063,0.0755015631124674,0.789739862645932,-0.383490626807864,0.0746742735803083,-0.00514551160638406,0.00688201834751264,-0.00112321012092437,-0.00597280113854313,0.00750248549663194,-0.00153685488700391
