time_s,manifest_id,voltage_pu_DG1,voltage_pu_DG2,voltage_pu_DG3,frequency_deviation_pu_DG1,frequency_deviation_pu_DG2,frequency_deviation_pu_DG3,voltage_tracking_error_pu_DG1,voltage_tracking_error_pu_DG2,voltage_tracking_error_pu_DG3,frequency_tracking_error_pu_DG1,frequency_tracking_error_pu_DG2,frequency_tracking_error_pu_DG3
0,9e81ce3e9621f78a,1.02,0.985,1.01,0.01,-0.006,0.004,0.02,-0.015,0.01,0.01,-0.006,0.004
0.005,9e81ce3e9621f78a,1.01996374286776,0.985033835691752,1.00998053041271,0.00974414344710061,-0.00578084223209687,0.00386503152052201,0.0199637428677595,-0.0149661643082484,0.00998053041270786,0.00974414344710061,-0.00578084223209687,0.00386503152052201
0.01,9e81ce3e9621f78a,1.01985673345938,0.985133664251009,1.00992306081298,0.00949430039814516,-0.00556616661227628,0.00373360671785641,0.019856733459378,-0.0148663357489908,0.00992306081297811,0.00949430039814516,-0.00556616661227628,0.00373360671785641
0.015,9e81ce3e9621f78a,1.01968156790598,0.98529700910609,1.00982897572157,0.0092503359546255,-0.00535590490957208,0.00360563798756976,0.019681567905981,-0.0147029908939101,0.00982897572156549,0.0092503359546255,-0.00535590490957208,0.00360563798756976
0.02,9e81ce3e9621f78a,1.01944078227536,0.985521446821766,1.00969962849855,0.00901211837673469,-0.00514998961819228,0.00348103995024776,0.0194407822753557,-0.0144785531782335,0.00969962849854666,0.00901211837673469,-0.00514998961819228,0.00348103995024776
0.025,9e81ce3e9621f78a,1.01913685544558,0.985804604939319,1.00953634270337,0.00877951900208119,-0.00494835396301918,0.00335972939490149,0.0191368554455842,-0.0141953950606815,0.00953634270336612,0.00877951900208119,-0.00494835396301918,0.00335972939490149
0.03,9e81ce3e9621f78a,1.01877221181024,0.986144159932073,1.00934041338057,0.00855241216690315,-0.00475093190420641,0.00324162522377311,0.0187722118102422,-0.0138558400679268,0.00934041338057368,0.00855241216690315,-0.00475093190420641,0.00324162522377311
0.035,9e81ce3e9621f78a,1.01834922381707,0.986537835275968,1.00911310827385,0.00833067512965555,-0.00455765814091713,0.00312664839849316,0.0183492238170702,-0.0134621647240318,0.00911310827385048,0.00833067512965555,-0.00455765814091713,0.00312664839849316
0.04,9e81ce3e9621f78a,1.01787021434238,0.986983399634392,1.00885566897066,0.00811418799686352,-0.00436846811424524,0.00301472188755477,0.0178702143423815,-0.0130166003656081,0.00885566897065915,0.00811418799686352,-0.00436846811424524,0.00301472188755477
0.045,9e81ce3e9621f78a,1.01733745890447,0.987478665155796,1.0085693119799,0.00790283365114271,-0.00418329800936036,0.00290577061507167,0.0173374589044661,-0.0125213348442043,0.00856931197990152,0.00790283365114271,-0.00418329800936036,0.00290577061507167
0.05,9e81ce3e9621f78a,1.01675318772018,0.988021485881871,1.00825522974502,0.00769649768129453,-0.00400208475691641,0.00279972141078783,0.0167531877201788,-0.0119785141181291,0.00825522974501669,0.00769649768129453,-0.00400208475691641,0.00279972141078783
0.055,9e81ce3e9621f78a,1.01611958760976,0.988609756263412,1.00791459159499,0.00749506831439059,-0.00382476603376248,0.00269650296130779,0.0161195876097555,-0.0113902437365878,0.00791459159498786,0.00749506831439059,-0.00382476603376248,0.00269650296130779
0.06,9e81ce3e9621f78a,1.01543880375565,0.989241409780406,1.00754854463578,0.0072984363497663,-0.00365128026299371,0.00259604576251773,0.0154388037556503,-0.010758590219594,0.00754854463577592,0.0072984363497663,-0.00365128026299371,0.00259604576251773
0.065,9e81ce3e9621f78a,1.01471294132183,0.989914417662352,1.00715821458471,0.00710649509484921,-0.00348156661337872,0.00249828207316828,0.014712941321833,-0.0100855823376483,0.00715821458470955,0.00710649509484921,-0.00348156661337872,0.00249828207316828
0.07,9e81ce3e9621f78a,1.01394406694053,0.990626787704383,1.00674470655039,0.00691914030275236,-0.00331556499819939,0.00240314586959135,0.0139440669405271,-0.00937321229561727,0.00674470655039072,0.00691914030275236,-0.00331556499819939,0.00240314586959135
0.075,9e81ce3e9621f78a,1.0131342100738,0.991376563174382,1.00630910576068,0.0067362701115676,-0.00315321607353731,0.00231057280152356,0.0131342100737966,-0.00862343682561784,0.00630910576068233,0.0067362701115676,-0.00315321607353731,0.00231057280152356
0.08,9e81ce3e9621f78a,1.0122853642577,0.992161821805994,1.00585247824134,0.00655778498529788,-0.00299446123604066,0.00222050014901049,0.012285364257699,-0.00783817819400623,0.0058524782413365,0.00655778498529788,-0.00299446123604066,0.00222050014901049
0.085,9e81ce3e9621f78a,1.01139948823695,0.992980674872213,1.00537587144782,0.00638358765637129,-0.0028392426202038,0.0021328667803661,0.011399488236949,-0.0070193251277868,0.0053758714478167,0.00638358765637129,-0.0028392426202038,0.0021328667803661
0.09,9e81ce3e9621f78a,1.01047850699815,0.993831266334087,1.00488031485284,0.00621358306968311,-0.00268750309519122,0.00204761311116297,0.0104785069981503,-0.00616873366591253,0.00488031485284246,0.00621358306968311,-0.00268750309519122,0.00204761311116297
0.095,9e81ce3e9621f78a,1.00952431270969,0.994711772058971,1.00436682049215,0.00604767832811544,-0.00253918626123616,0.00196468106422947,0.0095243127096869,-0.00528822794102946,0.00436682049215276,0.00604767832811544,-0.00253918626123616,0.00196468106422947
0.1,9e81ce3e9621f78a,1.00853876557632,0.995620399102752,1.00383638347094,0.0058857826394867,-0.00239423644564344,0.00188401403063088,0.00853876557632116,-0.00437960089724843,0.00383638347094362,0.0058857826394867,-0.00239423644564344,0.00188401403063088
0.105,9e81ce3e9621f78a,1.00752369461643,0.9965553850505,1.00328998243339,0.00572780726488608,-0.00225259869842487,0.00180555683161206,0.00752369461642743,-0.0034446149495001,0.00328998243338718,0.00572780726488608,-0.00225259869842487,0.00180555683161206
0.11,9e81ce3e9621f78a,1.00648089836962,0.997514997410043,1.00272857999758,0.00557366546835052,-0.00211421878759468,0.00172925568147991,0.00648089836962384,-0.00248500258995654,0.00272857999757581,0.00557366546835052,-0.00211421878759468,0.00172925568147991
0.115,9e81ce3e9621f78a,1.00541214554233,0.99849753305311,1.00215312315818,0.00542327246784387,-0.00197904319415147,0.0016550581514047,0.0054121455423326,-0.00150246694689016,0.00215312315818106,0.00542327246784387,-0.00197904319415147,0.0016550581514047
0.12,9e81ce3e9621f78a,1.00431917559854,0.999501317698808,1.00156454365903,0.00527654538750023,-0.00184701910677195,0.0015829131341196,0.00431917559854345,-0.00049868230119221,0.00156454365903014,0.00527654538750023,-0.00184701910677195,0.0015829131341196
0.125,9e81ce3e9621f78a,1.00320369930275,1.00052470543441,1.00096375833774,0.00513340321109498,-0.00171809441624112,0.00151277080949857,0.00320369930275399,0.00052470543440597,0.00096375833774065,0.00513340321109498,-0.00171809441624112,0.00151277080949857
0.13,9e81ce3e9621f78a,1.00206739922174,1.00156607826857,1.00035166944446,0.00499376673670908,-0.00159221770964225,0.00144458261099331,0.00206739922173993,0.00156607826856714,0.000351669444460523,0.00499376673670908,-0.00159221770964225,0.00144458261099331
0.135,9e81ce3e9621f78a,1.00091193019147,1.00262384571242,0.999729164936679,0.00485755853255365,-0.00146933826432918,0.0013783011929102,0.000911930191468624,0.00262384571241991,-0.000270835063320596,0.00485755853255365,-0.00146933826432918,0.0013783011929102
0.14,9e81ce3e9621f78a,0.999738919755117,1.00369644438409,0.999097118751986,0.00472470289392318,-0.00134940604170249,0.001313880398509,-0.000261080244883249,0.00369644438408634,-0.000902881248013521,0.00472470289392318,-0.00134940604170249,0.001313880398509
0.145,9e81ce3e9621f78a,0.998549968577792,1.00478233763254,0.998456391060557,0.00459512580124739,-0.00123237168081012,0.00125127522890533,-0.00145003142220834,0.00478233763253555,-0.00154360893944305,0.00459512580124739,-0.00123237168081012,0.00125127522890533
0.15,9e81ce3e9621f78a,0.997346650843193,1.00588001517689,0.997807828499053,0.00446875487921243,-0.00111818649179196,0.00119044181275937,-0.00265334915680704,0.00588001517689429,-0.00219217150094675,0.00446875487921243,-0.00111818649179196,0.00119044181275937
0.155,9e81ce3e9621f78a,0.996130514637088,1.00698799275761,0.997152264387535,0.00434551935692391,-0.00100680244918728,0.00113133737673374,-0.00386948536291165,0.00698799275760753,-0.00284773561246532,0.00434551935692391,-0.00100680244918728,0.00113133737673374
0.16,9e81ce3e9621f78a,0.994903082322116,1.00810481179612,0.996490518930866,0.00422535002908447,-0.000898172185122489,0.0010739202167038,-0.00509691767788434,0.00810481179611977,-0.00350948106913418,0.00422535002908447,-0.000898172185122489,0.0010739202167038
0.165,9e81ce3e9621f78a,0.993665850908068,1.00922903906001,0.995823399406023,0.00410817921816039,-0.000792248982396268,0.00101814966970414,-0.00633414909193208,0.00922903906000827,-0.00417660059397729,0.00410817921816039,-0.000792248982396268,0.00101814966970414
0.17,9e81ce3e9621f78a,0.992420292421471,1.01035926633079,0.995151700336594,0.00399394073751177,-0.000688986767477797,0.000963986086595068,-0.00757970757852922,0.0103592663307877,-0.00484829966340616,0.00399394073751177,-0.000688986767477797,0.000963986086595068
0.175,9e81ce3e9621f78a,0.991167854277918,1.01149411007187,0.994476203655677,0.0038825698554622,-0.000588340103433152,0.000911390805433645,-0.00883214572208202,0.0114941100718697,-0.00552379634432265,0.0038825698554622,-0.000588340103433152,0.000911390805433645
0.18,9e81ce3e9621f78a,0.9899099596603,1.01263221109444,0.993797678858279,0.00377400326028426,-0.000490264182793963,0.000860326125533785,-0.0100900403397003,0.0126322110944372,-0.00620232114172103,0.00377400326028426,-0.000490264182793963,0.000860326125533785
0.185,9e81ce3e9621f78a,0.988648007905732,1.01377223421927,0.993116883144222,0.00366817902607786,-0.000394714820381547,0.000810755282200404,-0.0113519920942675,0.013772234219269,-0.00688311685577803,0.00366817902607786,-0.000394714820381547,0.000810755282200404
0.19,9e81ce3e9621f78a,0.987383374903684,1.01491286793281,0.992434561552483,0.00356503657951924,-0.000301648446098902,0.000762642422122867,-0.0126166250963163,0.0149128679328143,-0.00756543844751711,0.00356503657951924,-0.000301648446098902,0.000762642422122867
0.195,9e81ce3e9621f78a,0.986117413507472,1.0160528240361,0.991751447087778,0.00346451666745866,-0.000211022097702071,0.000715952579413213,-0.0138825864925282,0.0160528240360964,-0.00824855291222193,0.00346451666745866,-0.000211022097702071,0.000715952579413213
0.2,9e81ce3e9621f78a,0.984851453961026,1.01719083728529,0.991068260840135,0.00336656132534568,-0.000122793413561596,0.000670651652274928,-0.0151485460389743,0.017190837285286,-0.00893173915986523,0.00336656132534568,-0.000122793413561596,0.000670651652274928
0.205,9e81ce3e9621f78a,0.983586804342482,1.01832566502306,0.990385712098092,0.00327111384646124,-3.69206254239507e-05,0.00062670638028827,-0.0164131956575182,0.0183256650230625,-0.00961428790190844,0.00327111384646124,-3.69206254239507e-05,0.00062670638028827
0.21,9e81ce3e9621f78a,0.982324751025912,1.01945608680014,0.989704498456089,0.00317811875193609,4.66374488179201e-05,0.000584084322298376,-0.0176752489740877,0.0194560868001419,-0.0102955015439112,0.00317811875193609,4.66374488179201e-05,0.000584084322298376
0.215,9e81ce3e9621f78a,0.981066559162181,1.02058090398663,0.989025305916525,0.00308752176153588,0.000127921412336617,0.000542753834892622,-0.018933440837819,0.0205809039866278,-0.0109746940834751,0.00308752176153588,0.000127921412336617,0.000542753834892622
0.22,9e81ce3e9621f78a,0.979813473179636,1.02169893937311,0.988348808986875,0.00299926976519322,0.000206971296557222,0.000502684051453901,-0.0201865268203636,0.0216989393731128,-0.0116511910131247,0.00299926976519322,0.000206971296557222,0.000502684051453901
0.225,9e81ce3e9621f78a,0.978566717305059,1.02280903676173,0.987675670772189,0.00291331079526768,0.000283826568312264,0.000463844861776705,-0.0214332826949409,0.022809036761728,-0.0123243292278106,0.00291331079526768,0.000283826568312264,0.000463844861776705
0.23,9e81ce3e9621f78a,0.977327496104987,1.02391006054762,0.987006543063211,0.00282959399951495,0.000358526136958496,0.000426206892233072,-0.0226725038950125,0.0239100605476201,-0.0129934569367892,0.00282959399951495,0.000358526136958496,0.000426206892233072
0.235,9e81ce3e9621f78a,0.976096995047245,1.02500089529162,0.986342066420288,0.00274806961474672,0.000431108361449931,0.000389741486475673,-0.0239030049527551,0.025000895291619,-0.0136579335797125,0.00274806961474672,0.000431108361449931,0.000389741486475673
0.24,9e81ce3e9621f78a,0.974876381082183,1.02608044528514,0.985682870253176,0.00266868894116328,0.000501611057362211,0.000354420686665459,-0.0251236189178168,0.0260804452851373,-0.0143171297468244,0.00266868894116328,0.000501611057362211,0.000354420686665459
0.245,9e81ce3e9621f78a,0.973666803242843,1.02714763410865,0.985029572896766,0.00259140431734099,0.000570071503864013,0.00032021721521149,-0.0263331967571566,0.0271476341086458,-0.0149704271032344,0.00259140431734099,0.000570071503864013,0.00032021721521149
0.25,9e81ce3e9621f78a,0.9724693932629,1.02820140418536,0.984382781682708,0.00251616909585731,0.000636526450631718,0.000287104457010708,-0.0275306067371001,0.0282014041853551,-0.0156172183172922,0.00251616909585731,0.000636526450631718,0.000287104457010708
0.255,9e81ce3e9621f78a,0.971285266210914,1.02924071633205,0.983743093006841,0.00244293761953628,0.000701012124704178,0.000255056442175581,-0.028714733789086,0.0292407163320476,-0.0162569069931592,0.00244293761953628,0.000701012124704178,0.000255056442175581
0.26,9e81ce3e9621f78a,0.970115521139057,1.03026454930931,0.983111092392283,0.00237166519829776,0.000763564237274865,0.000224047829237689,-0.0298844788609433,0.0302645493093066,-0.0168889076077172,0.00237166519829776,0.000763564237274865,0.000224047829237689
0.265,9e81ce3e9621f78a,0.968961241744081,1.03127189937371,0.982487354547979,0.0023023080865939,0.000824217990419187,0.000194053888815475,-0.0310387582559188,0.0312718993737107,-0.0175126454520206,0.0023023080865939,0.000824217990419187,0.000194053888815475
0.27,9e81ce3e9621f78a,0.96782349703792,1.03226177983488,0.981872443422466,0.00223482346141702,0.000883008083755196,0.000165050487734493,-0.0321765029620804,0.032261779834881,-0.0181275565775344,0.00223482346141702,0.000883008083755196,0.000165050487734493
0.275,9e81ce3e9621f78a,0.966703342024853,1.03323322062059,0.98126691225254,0.00216916940086307,0.000939968721036281,0.000137014073588643,-0.033296657975147,0.0332332206205941,-0.01873308774746,0.00216916940086307,0.000939968721036281,0.000137014073588643
0.28,9e81ce3e9621f78a,0.965601818381745,1.03418526785351,0.980671303606518,0.00210530486323546,0.000995133616674838,0.000109921659730969,-0.0343981816182546,0.0341852678535097,-0.0193286963934824,0.00210530486323546,0.000995133616674838,0.000109921659730969
0.285,9e81ce3e9621f78a,0.964519955137355,1.03511698344339,0.980086149421684,0.00204318966667437,0.00104853600219617,8.37508106827416e-05,-0.0354800448626449,0.0351169834433884,-0.0199138505783164,0.00204318966667437,0.00104853600219617,8.37508106827416e-05
0.29,9e81ce3e9621f78a,0.963458769346224,1.03602744469901,0.979511971035539,0.00198278446929711,0.00110020863262216,5.84796279496263e-05,-0.0365412306537759,0.0360274446990079,-0.0204880289644608,0.00198278446929711,0.00110020863262216,5.84796279496263e-05
0.295,9e81ce3e9621f78a,0.96241926675211,1.03691574396431,0.978949279210399,0.0019240507498356,0.00115018379278455,3.4086736233852e-05,-0.0375807332478901,0.036915743964314,-0.0210507207896014,0.0019240507498356,0.00115018379278455,3.4086736233852e-05
0.3,9e81ce3e9621f78a,0.961402442435357,1.03778098828366,0.978398574150873,0.0018669507887574,0.00119849330356757,1.05512700313872e-05,-0.0385975575646429,0.0377809882836606,-0.0216014258491275,0.0018669507887574,0.00119849330356757,1.05512700313872e-05
0.305,9e81ce3e9621f78a,0.960409281438015,1.0386222991013,0.977860345513755,0.00181144764985737,0.00124516852808021,-1.21471393967878e-05,-0.0395907185619855,0.0386222991012999,-0.0221396544862454,0.00181144764985737,0.00124516852808021,-1.21471393967878e-05
0.31,9e81ce3e9621f78a,0.959440759359887,1.03943881200057,0.977335072409807,0.00175750516230758,0.001290240377758,-3.40283766901334e-05,-0.0405592406401131,0.0394388120005671,-0.0226649275901926,0.00175750516230758,0.001290240377758,-3.40283766901334e-05
0.315,9e81ce3e9621f78a,0.95849784291808,1.04022967648847,0.976823223396939,0.00170508790315371,0.00133373931839441,-5.51118547014744e-05,-0.0415021570819201,0.0402296764884746,-0.0231767766030606,0.00170508790315371,0.00133373931839441,-5.51118547014744e-05
0.32,9e81ce3e9621f78a,0.957581490461947,1.04099405583165,0.976325256464255,0.00165416118024672,0.00137569537610209,-7.54165264680657e-05,-0.0424185095380526,0.0409940558316459,-0.0236747435357447,0.00165416118024672,0.00137569537610209,-7.54165264680657e-05
0.325,9e81ce3e9621f78a,0.956692652434703,1.04173112694972,0.975841619006466,0.00160469101559946,0.00141613814320342,-9.49608968513966e-05,-0.043307347565297,0.0417311269497167,-0.0241583809935343,0.00160469101559946,0.00141613814320342,-9.49608968513966e-05
0.33,9e81ce3e9621f78a,0.955832271772315,1.04244008037246,0.975372747788148,0.00155664412915841,0.00145509678405038,-0.00011376303385626,-0.044167728227685,0.0424400803724581,-0.024627252211852,0.00155664412915841,0.00145509678405038,-0.00011376303385626
0.335,9e81ce3e9621f78a,0.955001284229682,1.04312012026695,0.974919068897362,0.00150998792298185,0.00149260004077292,-0.000131840579639537,-0.0449987157703183,0.0431201202669484,-0.0250809311026382,0.00150998792298185,0.00149260004077292,-0.000131840579639537
0.34,9e81ce3e9621f78a,0.954200618623503,1.04377046454112,0.974480997688144,0.00146469046581622,0.00152867623895484,-0.00014921076121908,-0.0457993813764973,0.0437704645411185,-0.025519002311856,0.00146469046581622,0.00152867623895484,-0.00014921076121908
0.345,9e81ce3e9621f78a,0.953431196980733,1.0443903450299,0.974058938711432,0.00142072047806372,0.00156335329323581,-0.000165890400892981,-0.0465688030192671,0.0443903450299015,-0.0259410612885684,0.00142072047806372,0.00156335329323581,-0.000165890400892981
0.35,9e81ce3e9621f78a,0.952693934581061,1.04497900777003,0.973653285633995,0.00137804731713483,0.00159665871283757,-0.000181895926379449,-0.0473060654189393,0.0449790077700305,-0.0263467143660046,0.00137804731713483,0.00159665871283757,-0.000181895926379449
0.355,9e81ce3e9621f78a,0.951989739881516,1.04553571336923,0.973264421145006,0.00133664096318065,0.00162861960701177,-0.000197243380687396,-0.0480102601184839,0.0455357133692282,-0.0267355788549937,0.00133664096318065,0.00162861960701177,-0.000197243380687396
0.36,9e81ce3e9621f78a,0.951319514311106,1.0460597374751,0.972892716849899,0.00129647200520077,0.00165926269040642,-0.000211948431727745,-0.0486804856888939,0.0460597374750986,-0.0271072831501011,0.00129647200520077,0.00165926269040642,-0.000211948431727745
0.365,9e81ce3e9621f78a,0.950684151923347,1.04655037134848,0.972538533151257,0.00125751162752374,0.00168861428834695,-0.00022602638167533,-0.0493158480766528,0.0465503713484803,-0.0274614668487425,0.00125751162752374,0.00168861428834695,-0.00022602638167533
0.37,9e81ce3e9621f78a,0.95008453889473,1.04700692254531,0.972202219116505,0.00121973159665778,0.0017167003420275,-0.000239492176091123,-0.0499154611052696,0.0470069225453105,-0.0277977808834952,0.00121973159665778,0.0017167003420275,-0.000239492176091123
0.375,9e81ce3e9621f78a,0.949521552857567,1.04742871571019,0.971884112332242,0.00118310424851095,0.00174354641360692,-0.000252360412814343,-0.0504784471424325,0.0474287157101889,-0.0281158876677577,0.00118310424851095,0.00174354641360692,-0.000252360412814343
0.38,9e81ce3e9621f78a,0.94899606205635,1.04781509348382,0.971584538745167,0.00114760247598065,0.00176917769120356,-0.000264645350633823,-0.0510039379436504,0.0478150934838226,-0.0284154612548327,0.00114760247598065,0.00176917769120356,-0.000264645350633823
0.385,9e81ce3e9621f78a,0.948508924317749,1.04816541752535,0.971303812489574,0.0011131997169134,0.00179361899378179,-0.000276360917747778,-0.0514910756822506,0.0481654175253536,-0.0286961875104256,0.0011131997169134,0.00179361899378179,-0.000276360917747778
0.39,9e81ce3e9621f78a,0.948060985825733,1.04847906964925,0.971042235701532,0.00107986994243672,0.00181689477592283,-0.000287520720020835,-0.0519390141742668,0.0484790696492525,-0.0289577642984679,0.00107986994243672,0.00181689477592283,-0.000287520720020835
0.395,9e81ce3e9621f78a,0.947653079694961,1.04875545307498,0.970800098319925,0.00104758764566579,0.00183902913247145,-0.000298138049046947,-0.0523469203050391,0.0487554530749832,-0.0291999016800748,0.00104758764566579,0.00183902913247145,-0.000298138049046947
0.4,9e81ce3e9621f78a,0.947286024337744,1.04899399378605,0.970577677874651,0.00101632783078809,0.00186004580304988,-0.000308225890026426,-0.0527139756622557,0.0489939937860469,-0.0294223221253487,0.00101632783078809,0.00186004580304988,-0.000308225890026426
0.405,9e81ce3e9621f78a,0.946960621622322,1.04919414199329,0.970375239262363,0.000986066002529615,0.00187996817642955,-0.000317796929464975,-0.0530393783776778,0.0491941419932931,-0.0296247607376366,0.000986066002529615,0.00187996817642955,-0.000317796929464975
0.41,9e81ce3e9621f78a,0.946677654823093,1.0493553736956,0.970193034510262,0.000956778156006682,0.00189881929475119,-0.000326863562702213,-0.0533223451769068,0.0493553736955952,-0.0298069654897383,0.000956778156006682,0.00189881929475119,-0.000326863562702213
0.415,9e81ce3e9621f78a,0.946437886366688,1.04947719232913,0.970031302528551,0.000928440766967165,0.0019166218575839,-0.000335437901276681,-0.0535621136333121,0.0494771923291297,-0.0299686974714493,0.000928440766967165,0.0019166218575839,-0.000335437901276681
0.42,9e81ce3e9621f78a,0.946242055381338,1.04955913049464,0.969890268852292,0.00090103078242467,0.00193339822581359,-0.000343531780133873,-0.0537579446186617,0.049559130494641,-0.0301097311477082,0.00090103078242467,0.00193339822581359,-0.000343531780133873
0.425,9e81ce3e9621f78a,0.946090875060844,1.04960075175023,0.969770145373498,0.000874525611688616,0.00194917042535215,-0.000351156764683274,-0.0539091249391559,0.0496007517502339,-0.0302298546265019,0.000874525611688616,0.00194917042535215,-0.000351156764683274
0.43,9e81ce3e9621f78a,0.945985029858468,1.04960165245549,0.969671130064441,0.000848903117792159,0.00196396015065922,-0.000358324157709838,-0.054014970141532,0.0496016524554861,-0.0303288699355586,0.000848903117792159,0.00196396015065922,-0.000358324157709838
0.435,9e81ce3e9621f78a,0.945925172530217,1.04956146365103,0.969593406693245,0.000824141609318573,0.00197778876806969,-0.000365045006144745,-0.054074827469783,0.0495614636510333,-0.0304065933067549,0.000824141609318573,0.00197778876806969,-0.000365045006144745
0.44,9e81ce3e9621f78a,0.945911921051064,1.04947985295634,0.969537144532967,0.00080021983262502,0.00199067731892135,-0.000371330107699657,-0.0540880789489355,0.0494798529563367,-0.0304628554670333,0.00080021983262502,0.00199067731892135,-0.000371330107699657
0.445,9e81ce3e9621f78a,0.945945855431615,1.04935652646711,0.969502498065469,0.000777116964460624,0.0020026465224791,-0.000377190017368082,-0.0540541445683849,0.0493565264671083,-0.0304975019345315,0.000777116964460624,0.0020026465224791,-0.000377190017368082
0.45,9e81ce3e9621f78a,0.946027514466364,1.04919123063292,0.969489606681493,0.000754812604973394,0.00201371677865418,-0.000382635053796802,-0.0539724855336362,0.0491912306329201,-0.0305103933185068,0.000754812604973394,0.00201371677865418,-0.000382635053796802
0.455,9e81ce3e9621f78a,0.946157392447913,1.04898375409487,0.969498594378446,0.000733286771097903,0.00202390817051918,-0.000387675305529721,-0.0538426075520871,0.048983754094875,-0.0305014056215536,0.000733286771097903,0.00202390817051918,-0.000387675305529721
0.46,9e81ce3e9621f78a,0.946335935884152,1.04873392946293,0.96952956945749,0.000712519890312778,0.00203324046662239,-0.000392320637125849,-0.0536640641158476,0.0487339294629252,-0.0304704305425098,0.000712519890312778,0.00203324046662239,-0.000392320637125849
0.465,9e81ce3e9621f78a,0.946563540257341,1.04844163501249,0.969582624221621,0.000692492794753995,0.00204173312310782,-0.000396580695152577,-0.0534364597426589,0.0484416350124861,-0.0304173757783792,0.000692492794753995,0.00204173312310782,-0.000396580695152577
0.47,9e81ce3e9621f78a,0.946840546865151,1.04810679628044,0.969657834676478,0.000673186715666867,0.00204940528565022,-0.000400464914054835,-0.0531594531348495,0.0481067962804422,-0.0303421653235217,0.000673186715666867,0.00204940528565022,-0.000400464914054835
0.475,9e81ce3e9621f78a,0.947167239783976,1.04772938754147,0.969755260235691,0.000654583278176484,0.0020562757912173,-0.000403982521900222,-0.0528327602160238,0.047729387541471,-0.0302447397643093,0.000654583278176484,0.0020562757912173,-0.000403982521900222
0.48,9e81ce3e9621f78a,0.947543842994115,1.04730943314679,0.969874943432595,0.00063666449635333,0.00206236316967462,-0.000407142545999759,-0.0524561570058852,0.0473094331467936,-0.0301250565674052,0.00063666449635333,0.00206236316967462,-0.000407142545999759
0.485,9e81ce3e9621f78a,0.94797051770476,1.046847008709,0.970016909640205,0.000619412768547984,0.00206768564525094,-0.000409953818403509,-0.05202948229524,0.0468470087090018,-0.0299830903597954,0.000619412768547984,0.00206768564525094,-0.000409953818403509
0.49,9e81ce3e9621f78a,0.948447359914211,1.04634224211845,0.970181166801309,0.00060281087296622,0.00207226113788503,-0.000412424981270033,-0.0515526400857885,0.0463422421184456,-0.0298188331986909,0.00060281087296622,0.00207226113788503,-0.000412424981270033
0.495,9e81ce3e9621f78a,0.948974398237276,1.04579531437877,0.970367705170575,0.00058684196345366,0.00207610726447663,-0.000414564492108366,-0.0510256017627239,0.0457953143787655,-0.0296322948294249,0.00058684196345366,0.00207610726447663,-0.000414564492108366
0.5,9e81ce3e9621f78a,0.949551592027688,1.04520646025146,0.970576497070511,0.000571489565457379,0.00207924134006653,-0.000416380628891065,-0.0504484079723122,0.0452064602514617,-0.0294235029294894,0.000571489565457379,0.00207924134006653,-0.000416380628891065
0.505,9e81ce3e9621f78a,0.950178829818609,1.04457596870185,0.9708074966631,0.000556737572130605,0.00208168037897212,-0.000417881495036807,-0.0498211701813909,0.0445759687018465,-0.0291925033368999,0.000556737572130605,0.00208168037897212,-0.000417881495036807
0.51,9e81ce3e9621f78a,0.950855928099059,1.04390418314127,0.971060639738875,0.000542570240545975,0.00208344109590562,-0.000419075024260977,-0.0491440719009413,0.0439041831412712,-0.0289393602611254,0.000542570240545975,0.00208344109590562,-0.000419075024260977
0.515,9e81ce3e9621f78a,0.95158263043861,1.04319150146308,0.971335843525098,0.000528972187982654,0.00208453990710272,-0.000419968985292801,-0.04841736956139,0.0431915014630826,-0.0286641564749017,0.000528972187982654,0.00208453990710272,-0.000419968985292801
0.52,9e81ce3e9621f78a,0.952358606967103,1.04243837587231,0.97163300651467,0.000515928388253099,0.0020849929314893,-0.000420570986457687,-0.0476413930328973,0.0424383758723084,-0.0283669934853297,0.000515928388253099,0.0020849929314893,-0.000420570986457687
0.525,9e81ce3e9621f78a,0.953183454210568,1.0416453125115,0.971952008317234,0.000503424168036206,0.00208481599191337,-0.00042088848012368,-0.0468165457894322,0.0416453125114957,-0.0280479916827657,0.000503424168036206,0.00208481599191337,-0.00042088848012368
0.53,9e81ce3e9621f78a,0.954056695279254,1.04081287088745,0.972292709533868,0.000491445203185155,0.00208402461646804,-0.000420928767011169,-0.045943304720746,0.040812870887452,-0.0277072904661317,0.000491445203185155,0.00208402461646804,-0.000420928767011169
0.535,9e81ce3e9621f78a,0.95497778039869,1.03994166310574,0.9726549516566,0.000479977514980214,0.00208263403993003,-0.000420699000365333,-0.0450222196013104,0.0399416631057363,-0.0273450483433999,0.000479977514980214,0.00208263403993003,-0.000420699000365333
0.54,9e81ce3e9621f78a,0.955946087770246,1.03903235292167,0.973038556993846,0.000469007466299227,0.00208065920533633,-0.000420206189991131,-0.044053912229754,0.0390323529216707,-0.0269614430061539,0.000469007466299227,0.00208065920533633,-0.000420206189991131
0.545,9e81ce3e9621f78a,0.956960924743755,1.0380856546183,0.973443328622723,0.000458521757681234,0.00207811476571898,-0.000419457206151068,-0.0430390752562451,0.0380856546182973,-0.0265566713772772,0.000458521757681234,0.00207811476571898,-0.000419457206151068
0.55,9e81ce3e9621f78a,0.958021529281453,1.03710233172312,0.973869050369014,0.000448507423261732,0.00207501508601599,-0.00041845878332633,-0.0419784707185471,0.0371023317231161,-0.0261309496309858,0.000448507423261732,0.00207501508601599,-0.00041845878332633
0.555,9e81ce3e9621f78a,0.959127071689888,1.03608319557659,0.974315486815418,0.000438951826561262,0.0020713742451731,-0.000417217523842336,-0.0408729283101125,0.0360831955765899,-0.0256845131845816,0.000438951826561262,0.0020713742451731,-0.000417217523842336
0.56,9e81ce3e9621f78a,0.96027665659444,1.03502910376628,0.974782383338514,0.000429842656112388,0.00206720603844863,-0.000415739901360132,-0.0397233434055596,0.0350291037662824,-0.0252176166614858,0.000429842656112388,0.00206720603844863,-0.000415739901360132
0.565,9e81ce3e9621f78a,0.961469325129773,1.03394095844113,0.975269466174722,0.000421167920913452,0.00206252397993071,-0.000414032264235509,-0.0385306748702269,0.0339409584411332,-0.0247305338252782,0.000421167920913452,0.00206252397993071,-0.000414032264235509
0.57,9e81ce3e9621f78a,0.962704057318742,1.03281970452076,0.97577644251535,0.000412915945700869,0.002057341305273,-0.000412100838748072,-0.037295942681258,0.0328197045207643,-0.0242235574846499,0.000412915945700869,0.002057341305273,-0.000412100838748072
0.575,9e81ce3e9621f78a,0.963979774612107,1.03166632781489,0.97630300063065,0.000405075366034929,0.00205167097465256,-0.000409951732202911,-0.036020225387893,0.0316663278148894,-0.02369699936935,0.000405075366034929,0.00205167097465256,-0.000409951732202911
0.58,9e81ce3e9621f78a,0.965295342561611,1.03048185306787,0.976848810022616,0.000397635123197226,0.00204552567595061,-0.00040759093590785,-0.0347046574383894,0.030481853067875,-0.0231511899773842,0.000397635123197226,0.00204552567595061,-0.00040759093590785
0.585,9e81ce3e9621f78a,0.966649573599647,1.0292673419433,0.97741352160611,0.0003905844589007,0.00203891782815434,-0.000405024328029564,-0.0333504264003531,0.0292673419433012,-0.0225864783938896,0.0003905844589007,0.00203891782815434,-0.000405024328029564
0.59,9e81ce3e9621f78a,0.968041229899715,1.02802389096304,0.977996767917722,0.000383912909816035,0.00203185958497559,-0.000402257676332176,-0.0319587701002846,0.0280238909630373,-0.0220032320822777,0.000383912909816035,0.00203185958497559,-0.000402257676332176
0.595,9e81ce3e9621f78a,0.969469026293083,1.02675262941487,0.978598163351606,0.000377610301920558,0.00202436283868014,-0.000399296640802169,-0.0305309737069175,0.0267526294148741,-0.0214018366483937,0.000377610301920558,0.00202436283868014,-0.000399296640802169
0.6,9e81ce3e9621f78a,0.970931633218475,1.0254547172422,0.979217304421406,0.00037166674467803,0.0020164392241191,-0.000396146776163674,-0.0290683667815247,0.0254547172421995,-0.020782695578594,0.00037166674467803,0.0020164392241191,-0.000396146776163674
0.605,9e81ce3e9621f78a,0.972427679683165,1.02413134292858,0.979853770047216,0.00036607262505963,0.0020081001229527,-0.000392813534288391,-0.0275723203168348,0.0241313429285754,-0.0201462299527841,0.00036607262505963,0.0020081001229527,-0.000392813534288391
0.61,9e81ce3e9621f78a,0.973955756215381,1.02278372138939,0.98050712186641,0.000360818601418121,0.00199935666805459,-0.000389302266504533,-0.0260442437846191,0.0227837213893893,-0.0194928781335902,0.000360818601418121,0.00199935666805459,-0.000389302266504533
0.615,9e81ce3e9621f78a,0.975514417789593,1.02141309188205,0.981176904567034,0.000355895597228577,0.00199021974808426,-0.000385618225809294,-0.0244855822104065,0.0214130918820485,-0.0188230954329657,0.000355895597228577,0.00199021974808426,-0.000385618225809294
0.62,9e81ce3e9621f78a,0.977102186707777,1.02002071594547,0.981862646242361,0.000351294794710222,0.00198070001221345,-0.000381766568989439,-0.0228978132922225,0.0200207159454691,-0.0181373537576388,0.000351294794710222,0.00198070001221345,-0.000381766568989439
0.625,9e81ce3e9621f78a,0.978717555421253,1.01860787537889,0.982563858765083,0.000347007628344864,0.00197080787499215,-0.000377752358654651,-0.0212824445787466,0.0186078753788921,-0.0174361412349174,0.000347007628344864,0.00197080787499215,-0.000377752358654651
0.63,9e81ce3e9621f78a,0.980358989279119,1.01717587026938,0.983280038179554,0.000343025778308061,0.00196055352133891,-0.000373580565188295,-0.0196410107208808,0.0171758702693758,-0.016719961820446,0.000343025778308061,0.00196055352133891,-0.000373580565188295
0.635,9e81ce3e9621f78a,0.982024929190562,1.01572601707664,0.984010665110399,0.000339341163829724,0.00194994691163964,-0.000369256068620265,-0.0179750708094379,0.0157260170766402,-0.0159893348896005,0.000339341163829724,0.00194994691163964,-0.000369256068620265
0.64,9e81ce3e9621f78a,0.983713794189488,1.01425964678333,0.984755205185735,0.000335945936501097,0.00193899778693906,-0.000364783660426553,-0.0162862058105117,0.0142596467833283,-0.0152447948142651,0.000335945936501097,0.00193899778693906,-0.000364783660426553
0.645,9e81ce3e9621f78a,0.985423983890917,1.01277810311817,0.985513109473205,0.000332832473545277,0.0019277156742087,-0.000360168045260143,-0.0145760161090832,0.0127781031181662,-0.0144868905267953,0.000332832473545277,0.0019277156742087,-0.000360168045260143
0.65,9e81ce3e9621f78a,0.987153880829419,1.01128274085899,0.986283814926981,0.000329993371068384,0.00191610989167523,-0.000355413842617771,-0.0128461191705806,0.0112827408589908,-0.013716185073019,0.000329993371068384,0.00191610989167523,-0.000355413842617771
0.655,9e81ce3e9621f78a,0.988901852670583,1.00977492422214,0.987066744843839,0.000327421437308435,0.00190418955419324,-0.000350525588447033,-0.0110981473294175,0.00977492422214432,-0.0129332551561606,0.000327421437308435,0.00190418955419324,-0.000350525588447033
0.66,9e81ce3e9621f78a,0.990666254286977,1.00825602534434,0.987861309326401,0.000325109685898711,0.00189196357864659,-0.000345507736698245,-0.00933374571302348,0.00825602534434222,-0.012138690673599,0.000325109685898711,0.00189196357864659,-0.000345507736698245
0.665,9e81ce3e9621f78a,0.992445429690474,1.00672742286278,0.988666905751611,0.000323051329162163,0.00187944068936287,-0.000340364660825378,-0.00755457030952567,0.00672742286277805,-0.0113330942483888,0.000323051329162163,0.00187944068936287,-0.000340364660825378
0.67,9e81ce3e9621f78a,0.994237713812939,1.00519050059896,0.98948291924252,0.000321239771453001,0.00186662942352576,-0.000335100655240299,-0.00576228618706087,0.00519050059895942,-0.0105170807574803,0.000321239771453001,0.00186662942352576,-0.000335100655240299
0.675,9e81ce3e9621f78a,0.996041434127308,1.00364664635157,0.990308723141429,0.000319668602561262,0.00185353813657041,-0.000329719936724485,-0.00395856587269183,0.00364664635156653,-0.00969127685857141,0.000319668602561262,0.00185353813657041,-0.000329719936724485
0.68,9e81ce3e9621f78a,0.997854912100934,1.00209725080348,0.991143679482479,0.000318331591195686,0.00184017500754761,-0.00032422664580227,-0.00214508789906553,0.00209725080347845,-0.00885632051752105,0.000318331591195686,0.00184017500754761,-0.00032422664580227
0.685,9e81ce3e9621f78a,0.999676464472699,1.00054370654805,0.991987139461768,0.000317222678559834,0.00182654804444251,-0.000318624848079628,-0.000323535527301466,0.000543706548051581,-0.00801286053823169,0.000317222678559834,0.00182654804444251,-0.000318624848079628
0.69,9e81ce3e9621f78a,1.00150440434487,0.998987407239717,0.992838443903109,0.000316335972035971,0.00181266508943454,-0.000312918535552414,0.00150440434486776,-0.00101259276028254,-0.00716155609689095,0.000316335972035971,0.00181266508943454,-0.000312918535552414
0.695,9e81ce3e9621f78a,1.00333704207995,0.997429746874042,0.993696923717568,0.000315665738990824,0.00179853382408516,-0.000307111627887915,0.00333704207995211,-0.00257025312595849,-0.00630307628243187,0.000315665738990824,0.00179853382408516,-0.000307111627887915
0.7,9e81ce3e9621f78a,1.00517268599186,0.995872119202503,0.994561900354964,0.00031520640071703,0.00178416177444052,-0.000301207973683547,0.00517268599186482,-0.0041278807974966,-0.0054380996450365,0.00031520640071703,0.00178416177444052,-0.000301207973683547
0.705,9e81ce3e9621f78a,1.00700964281953,0.994315917287464,0.995432686245531,0.000314952526523806,0.0017695563160367,-0.000295211351706449,0.00700964281953076,-0.0056840827125364,-0.00456731375446928,0.000314952526523806,0.0017695563160367,-0.000295211351706449
0.71,9e81ce3e9621f78a,1.00884621796968,0.992762533203042,0.996308585230019,0.000314898827990197,0.00175472467879472,-0.000289125472117731,0.00884621796967533,-0.00723746679695791,-0.00369141476998092,0.000314898827990197,0.00175472467879472,-0.000289125472117731
0.715,9e81ce3e9621f78a,1.01068071551385,0.991213357887967,0.997188892976526,0.000315040153394213,0.00173967395179345,-0.000282953977685131,0.010680715513848,-0.00878664211203328,-0.0028111070234742,0.000315040153394213,0.00173967395179345,-0.000282953977685131
0.72,9e81ce3e9621f78a,1.01251143792274,0.989669781156849,0.998072897382432,0.000315371482331243,0.00172441108790766,-0.000276700444987812,0.0125114379227402,-0.0103302188431508,-0.00192710261756812,0.000315371482331243,0.00172441108790766,-0.000276700444987812
0.725,9e81ce3e9621f78a,1.01433668551853,0.988133191876816,0.998959878959858,0.000315887920535367,0.00170894290829903,-0.000270368385617105,0.0143366855185316,-0.0118668081231842,-0.00104012104014206,0.000315887920535367,0.00170894290829903,-0.000270368385617105
0.73,9e81ce3e9621f78a,1.01615475562327,0.986604978316953,0.999849111203129,0.000316584694917644,0.00169327610674699,-0.000263961247377001,0.0161547556232686,-0.0133950216830472,-0.000150888796871418,0.000316584694917644,0.00169327610674699,-0.000263961247377001
0.735,9e81ce3e9621f78a,1.01796394137811,0.985086528678632,1.00073986093679,0.000317457148836148,0.00167741725380601,-0.000257482415488326,0.0179639413781099,-0.0149134713213682,0.000739860936794567,0.000317457148836148,0.00167741725380601,-0.000257482415488326
0.74,9e81ce3e9621f78a,1.01976253020458,0.983579231815445,1.00163138864284,0.000318500737613453,0.00166137280077487,-0.000250935213800559,0.0197625302045759,-0.016420768184555,0.00163138864283985,0.000318500737613453,0.00166137280077487,-0.000250935213800559
0.745,9e81ce3e9621f78a,1.02154880187464,0.982084478152212,1.00252294876578,0.000319711024318618,0.00164514908346244,-0.000244322906015431,0.0215488018746435,-0.0179155218477881,0.00252294876577697,0.000319711024318618,0.00164514908346244,-0.000244322906015431
0.75,9e81ce3e9621f78a,1.02332102615154,0.980603660813301,1.00341378999442,0.000321083675832354,0.00162875232573279,-0.000237648696926539,0.023321026151538,-0.0193963391866994,0.00341378999442044,0.000321083675832354,0.00162875232573279,-0.000237648696926539
0.755,9e81ce3e9621f78a,1.02507745995726,0.979138176971346,1.00430315551922,0.000322614459216252,0.00161218864281048,-0.000230915733679403,0.0250774599572623,-0.0208618230286542,0.00430315551921523,0.000322614459216252,0.00161218864281048,-0.000230915733679403
0.76,9e81ce3e9621f78a,1.02681634401616,0.977689429428306,1.0051902832641,0.000324299238409635,0.00159546404432421,-0.000224127107056573,0.0268163440161566,-0.0223105705716937,0.00519028326410265,0.000324299238409635,0.00159546404432421,-0.000224127107056573
0.765,9e81ce3e9621f78a,1.02853589891592,0.9762588284417,1.00607440609201,0.000326133971280964,0.00157858443706401,-0.000217285852792606,0.0285358989159248,-0.0237411715582999,0.00607440609200682,0.000326133971280964,0.00157858443706401,-0.000217285852792606
0.77,9e81ce3e9621f78a,1.03023432051843,0.974847793809726,1.00695475198315,0.000328114707064839,0.00156155562742291,-0.000210394952923981,0.0302343205184343,-0.0251522061902744,0.00695475198314943,0.000328114707064839,0.00156155562742291,-0.000210394952923981
0.775,9e81ce3e9621f78a,1.03190977464198,0.973457757229822,1.00783054418552,0.0003302375842207,0.00154438332348914,-0.000203457337179286,0.0319097746419759,-0.026542242770178,0.00783054418552198,0.0003302375842207,0.00154438332348914,-0.000203457337179286
0.78,9e81ce3e9621f78a,1.03356039092434,0.97209016494596,1.008701001337,0.000332498828755449,0.00152707313674909,-0.000196475884415275,0.0335603909243445,-0.0279098350540404,0.00870100133699636,0.000332498828755449,0.00152707313674909,-0.000196475884415275
0.785,9e81ce3e9621f78a,1.03518425576181,0.970746480700553,1.00956533755871,0.000334894753059633,0.00150963058335359,-0.000189453424104699,0.0351842557618109,-0.0292535192994473,0.00956533755870592,0.000334894753059633,0.00150963058335359,-0.000189453424104699
0.79,9e81ce3e9621f78a,1.03677940420255,0.969428189007231,1.01042276251951,0.000337421755315765,0.00149206108489143,-0.000182392737882131,0.036779404202548,-0.0305718109927693,0.0104227625195081,0.000337421755315765,0.00149206108489143,-0.000182392737882131
0.795,9e81ce3e9621f78a,1.03834381065407,0.968136798760707,1.01127248147154,0.000340076319548086,0.00147436996860313,-0.000175296561154277,0.038343810654075,-0.0318632012392926,0.011272481471537,0.000340076319548086,0.00147436996860313,-0.000175296561154277
0.8,9e81ce3e9621f78a,1.03987537824259,0.966873847199483,1.01211369525707,0.000342855016395915,0.001456562466955,-0.000168167584781567,0.039875378242586,-0.0331261528005172,0.0121136952570726,0.000342855016395915,0.001456562466955,-0.000168167584781567
0.805,9e81ce3e9621f78a,1.04137192663747,0.965640904235913,1.0129456002872,0.000345754504707993,0.0014386437164781,-0.000161008456838078,0.0413719266374726,-0.0343590957640867,0.012945600287199,0.000345754504707993,0.0014386437164781,-0.000161008456838078
0.81,9e81ce3e9621f78a,1.04283117812695,0.964439577166044,1.01376738849301,0.000348771534073381,0.00142061875575808,-0.000153821784457007,0.0428311781269521,-0.0355604228339558,0.0137673884930092,0.000348771534073381,0.00142061875575808,-0.000153821784457007
0.815,9e81ce3e9621f78a,1.0442507417008,0.963271515768197,1.01457824725042,0.00035190294842577,0.00140249252244006,-0.000146610135769031,0.0442507417008038,-0.0367284842318027,0.0145782472504152,0.00035190294842577,0.00140249252244006,-0.000146610135769031
0.82,9e81ce3e9621f78a,1.0456280948646,0.962138417794239,1.01537735927998,0.000355145690883023,0.00138426984908676,-0.000139376041940847,0.0456280948646035,-0.0378615822057606,0.0153773592799837,0.000355145690883023,0.00138426984908676,-0.000139376041940847
0.825,9e81ce3e9621f78a,1.04696056287821,0.961042034850236,1.01616390252361,0.000358496810012523,0.00136595545769835,-0.000132121999320946,0.0469605628782086,-0.0389579651497639,0.0161639025236138,0.000358496810012523,0.00136595545769835,-0.000132121999320946
0.83,9e81ce3e9621f78a,1.04824529508259,0.959984178653183,1.01693705000032,0.000361953467745696,0.0013475539526679,-0.000124850471699211,0.0482452950825885,-0.0400158213468166,0.0169370500003174,0.000361953467745696,0.0013475539526679,-0.000124850471699211
0.835,9e81ce3e9621f78a,1.04947923795856,0.958966727636978,1.01769596964387,0.000365512949201474,0.00132906981190809,-0.000117563892686037,0.0494792379585587,-0.0410332723630217,0.0176959696438748,0.000365512949201474,0.00132906981190809,-0.000117563892686037
0.84,9e81ce3e9621f78a,1.05065910455697,0.957991633862828,1.0184398241257,0.000369172674717717,0.00131050737584273,-0.000110264668215414,0.0506591045569706,-0.0420083661371721,0.0184398241257042,0.000369172674717717,0.00131050737584273,-0.000110264668215414
0.845,9e81ce3e9621f78a,1.05178133995382,0.957060930169359,1.01916777066652,0.000372930214426249,0.00129187083391644,-0.000102955179173856,0.0517813399538249,-0.0429390698306407,0.0191677706665176,0.000372930214426249,0.00129187083391644,-0.000102955179173856
0.85,9e81ce3e9621f78a,1.05284208253982,0.956176737444024,1.01987896084388,0.000376783305768304,0.00127316420821321,-9.56377841585875e-05,0.0528420825398197,-0.0438232625559756,0.0198789608438819,0.000376783305768304,0.00127316420821321,-9.56377841585875e-05
0.855,9e81ce3e9621f78a,1.05383712089029,0.955341271927054,1.0205725403954,0.00038072987430102,0.0012543913338082,-8.83148223517979e-05,0.0538371208902875,-0.0446587280729465,0.0205725403953951,0.00038072987430102,0.0012543913338082,-8.83148223517979e-05
0.86,9e81ce3e9621f78a,1.05476184656391,0.954556852310656,1.02124764903084,0.000384768058278044,0.00123555583535185,-8.09886165145301e-05,0.0547618465639086,-0.0454431476893437,0.0212476490308366,0.000384768058278044,0.00123555583535185,-8.09886165145301e-05
0.865,9e81ce3e9621f78a,1.05561120345101,0.953825906414301,1.02190342025745,0.000388896237348714,0.00121666109950628,-7.36614760773575e-05,0.0556112034510052,-0.0461740935856993,0.0219034202574495,0.000388896237348714,0.00121666109950628,-7.36614760773575e-05
0.87,9e81ce3e9621f78a,1.05637963496938,0.953150977151573,1.02253898122492,0.000393113065652232,0.00119771024291964,-6.63357003031755e-05,0.0563796349693759,-0.0468490228484265,0.0225389812249226,0.000393113065652232,0.00119771024291964,-6.63357003031755e-05
0.875,9e81ce3e9621f78a,1.05706103176439,0.952534727367329,1.0231534526037,0.000397417509485821,0.00117870607551968,-5.90135814953561e-05,0.0570610317643858,-0.0474652726326706,0.0231534526037007,0.000397417509485821,0.00117870607551968,-5.90135814953561e-05
0.88,9e81ce3e9621f78a,1.05764868403431,0.951979943082035,1.02374594850633,0.000401808889309761,0.00115965105931425,-5.16974082009193e-05,0.0576486840343069,-0.0480200569179646,0.0237459485063294,0.000401808889309761,0.00115965105931425,-5.16974082009193e-05
0.885,9e81ce3e9621f78a,1.05813524457484,0.951489534605847,1.02431557646217,0.000406286925347167,0.00114054726339184,-4.43894683458765e-05,0.0581352445748409,-0.0485104653941528,0.0243155764621701,0.000406286925347167,0.00114054726339184,-4.43894683458765e-05
0.89,9e81ce3e9621f78a,1.0585127115048,0.951066534834134,1.02486143746282,0.000410851785396505,0.00112139631646161,-3.70920522310362e-05,0.0585127115048045,-0.0489334651658665,0.024861437462824,0.000410851785396505,0.00112139631646161,-3.70920522310362e-05
0.895,9e81ce3e9621f78a,1.05877244219275,0.950714093996089,1.02538262609362,0.000415504132330132,0.00110219935942361,-2.98074552875826e-05,0.058772442192746,-0.0492859060039111,0.0253826260936161,0.000415504132330132,0.00110219935942361,-2.98074552875826e-05
0.9,9e81ce3e9621f78a,1.05890521164905,0.950435470116187,1.02587823076474,0.000420245167491003,0.00108295700173716,-2.2537980471942e-05,0.0589052116490494,-0.049564529883813,0.0258782307647407,0.000420245167491003,0.00108295700173716,-2.2537980471942e-05
0.905,9e81ce3e9621f78a,1.05890132937924,0.950234014335244,1.02634733406704,0.000425076664988237,0.0010636692865918,-1.52859401683212e-05,0.0589013293792386,-0.0497659856647558,0.0263473340670386,0.000425076664988237,0.0010636692865918,-1.52859401683212e-05
0.91,9e81ce3e9621f78a,1.05875082444413,0.950113150432845,1.02678901326733,0.000430000990554272,0.00104433567123888,-8.05365743459964e-06,0.0587508244441295,-0.0498868495671546,0.0267890132673345,0.000430000990554272,0.00104433567123888,-8.05365743459964e-06
0.915,9e81ce3e9621f78a,1.05844370060962,0.950076347954339,1.02720234096834,0.000435021098357985,0.00102495502912405,-8.43466423526229e-07,0.0584437006096181,-0.0499236520456614,0.0272023409683397,0.000435021098357985,0.00102495502912405,-8.43466423526229e-07
0.92,9e81ce3e9621f78a,1.05797025002411,0.950127088673204,1.02758638595377,0.000440140499880411,0.0010055256797346,6.34228820197628e-06,0.0579702500241066,-0.0498729113267965,0.0275863859537651,0.000440140499880411,0.0010055256797346,6.34228820197628e-06
0.925,9e81ce3e9621f78a,1.05732139897405,0.950268826482185,1.027940214243,0.0004453632013851,0.000986045449610557,1.35012530336916e-05,0.0573213989740506,-0.0497311735178151,0.0279402142430027,0.0004453632013851,0.000986045449610557,1.35012530336916e-05
0.93,9e81ce3e9621f78a,1.05648904740449,0.950504941336959,1.02826289037486,0.000450693610366511,0.000966511764047319,2.06310690201184e-05,0.0564890474044879,-0.0494950586630409,0.0282628903748601,0.000450693610366511,0.000966511764047319,2.06310690201184e-05
0.935,9e81ce3e9621f78a,1.05546636130573,0.950838688374938,1.02855347894432,0.00045613641578606,0.000946921764514001,2.77293760284458e-05,0.0554663613057269,-0.0491613116250622,0.0285534789443165,0.00045613641578606,0.000946921764514001,2.77293760284458e-05
0.94,9e81ce3e9621f78a,1.0542479849224,0.951273143918079,1.02881104641003,0.000461696450958772,0.000927272442698782,3.47938189353755e-05,0.0542479849223954,-0.0487268560819212,0.0288110464100304,0.000461696450958772,0.000927272442698782,3.47938189353755e-05
0.945,9e81ce3e9621f78a,1.05283015615267,0.951811150529086,1.02903466318709,0.000467378550249747,0.000907560779782848,4.18220552472235e-05,0.0528301561526683,-0.048188849470914,0.0290346631870941,0.000467378550249747,0.000907560779782848,4.18220552472235e-05
0.95,9e81ce3e9621f78a,1.05121072680939,0.95245526352917,1.02922340603612,0.000473187410755722,0.000887783879569349,4.88117641756705e-05,0.0512107268093902,-0.0475447364708299,0.0292234060361172,0.000473187410755722,0.000887783879569349,4.88117641756705e-05
0.955,9e81ce3e9621f78a,1.04938910376415,0.953207701397631,1.02937636076182,0.000479127468225867,0.000867939086102002,5.57606570245571e-05,0.0493891037641507,-0.0467922986023691,0.0293763607618227,0.000479127468225867,0.000867939086102002,5.57606570245571e-05
0.96,9e81ce3e9621f78a,1.04736613363022,0.954070302404236,1.02949262521578,0.000485202793825498,0.000848024079189119,6.26664886473733e-05,0.0473661336302158,-0.0459296975957636,0.0294926252157817,0.000485202793825498,0.000848024079189119,6.26664886473733e-05
0.965,9e81ce3e9621f78a,1.04514395434566,0.955044489262021,1.02957131260316,0.000491417014773966,0.000828036944929738,6.95270696962176e-05,0.0451439543456571,-0.0449555107379794,0.0295713126031618,0.000491417014773966,0.000828036944929738,6.95270696962176e-05
