time_s,manifest_id,V_cl,comparison_envelope
0,9e81ce3e9621f78a,0.0764701524000805,0.0764701524000805
0.005,9e81ce3e9621f78a,0.0728558430230953,0.101425677922592
0.01,9e81ce3e9621f78a,0.0695322077518119,0.126368728801264
0.015,9e81ce3e9621f78a,0.0664807306897106,0.151299311271859
0.02,9e81ce3e9621f78a,0.0636890420305371,0.176217431567022
0.025,9e81ce3e9621f78a,0.0611501418425142,0.201123095916286
0.03,9e81ce3e9621f78a,0.0588616443285117,0.226016310546058
0.035,9e81ce3e9621f78a,0.0568250520656206,0.250897081679655
0.04,9e81ce3e9621f78a,0.0550450687329134,0.275765415537259
0.045,9e81ce3e9621f78a,0.0535289574692405,0.30062131833596
0.05,9e81ce3e9621f78a,0.0522859504191203,0.32546479628973
0.055,9e81ce3e9621f78a,0.0513267133591014,0.35029585560944
0.06,9e81ce3e9621f78a,0.0506628676591362,0.375114502502858
0.065,9e81ce3e9621f78a,0.0503065703070617,0.399920743174643
0.07,9e81ce3e9621f78a,0.0502701513675846,0.424714583826354
0.075,9e81ce3e9621f78a,0.0505658070956968,0.449496030656454
0.08,9e81ce3e9621f78a,0.0512053459941532,0.474265089860301
0.085,9e81ce3e9621f78a,0.0521999843957564,0.499021767630165
0.09,9e81ce3e9621f78a,0.0535601876519578,0.523766070155214
0.095,9e81ce3e9621f78a,0.0552955526997465,0.548498003621521
0.1,9e81ce3e9621f78a,0.0574147276339408,0.573217574212068
0.105,9e81ce3e9621f78a,0.0599253639044321,0.597924788106755
0.11,9e81ce3e9621f78a,0.0628340968600491,0.622619651482382
0.115,9e81ce3e9621f78a,0.0661465505461973,0.647302170512665
0.12,9e81ce3e9621f78a,0.069867362908316,0.671972351368235
0.125,9e81ce3e9621f78a,0.0740002278364924,0.696630200216631
0.13,9e81ce3e9621f78a,0.0785479507905091,0.721275723222324
0.135,9e81ce3e9621f78a,0.0835125150546557,0.745908926546689
0.14,9e81ce3e9621f78a,0.0888951559763282,0.770529816348032
0.145,9e81ce3e9621f78a,0.0946964408330793,0.79513839878157
0.15,9e81ce3e9621f78a,0.100916352243057,0.819734679999453
0.155,9e81ce3e9621f78a,0.107554373279363,0.844318666150751
0.16,9e81ce3e9621f78a,0.114609572667168,0.868890363381454
0.165,9e81ce3e9621f78a,0.122080688631968,0.893449777834498
0.17,9e81ce3e9621f78a,0.129966210127828,0.917996915649726
0.175,9e81ce3e9621f78a,0.138264454306065,0.942531782963928
0.18,9e81ce3e9621f78a,0.14697363918827,0.967054385910821
0.185,9e81ce3e9621f78a,0.156091950584039,0.99156473062106
0.19,9e81ce3e9621f78a,0.165617602344307,1.01606282322222
0.195,9e81ce3e9621f78a,0.175548889067206,1.04054866983883
0.2,9e81ce3e9621f78a,0.185884230376088,1.06502227659236
0.205,9e81ce3e9621f78a,0.196622205870162,1.0894836496012
0.21,9e81ce3e9621f78a,0.207761579808273,1.1139327949807
0.215,9e81ce3e9621f78a,0.219301314527305,1.13836971884314
0.22,9e81ce3e9621f78a,0.231240571519762,1.16279442729775
0.225,9e81ce3e9621f78a,0.243578699002173,1.18720692645072
0.23,9e81ce3e9621f78a,0.256315204699031,1.21160722240517
0.235,9e81ce3e9621f78a,0.269449712448716,1.23599532126117
0.24,9e81ce3e9621f78a,0.282981901111273,1.26037122911574
0.245,9e81ce3e9621f78a,0.296911424127521,1.28473495206287
0.25,9e81ce3e9621f78a,0.311237807949649,1.30908649619348
0.255,9e81ce3e9621f78a,0.325960327442405,1.33342586759546
0.26,9e81ce3e9621f78a,0.341077856249197,1.35775307235366
0.265,9e81ce3e9621f78a,0.356588690039868,1.38206811654987
0.27,9e81ce3e9621f78a,0.37249034051909,1.40637100626286
0.275,9e81ce3e9621f78a,0.388779298092204,1.43066174756834
0.28,9e81ce3e9621f78a,0.40545076117726,1.45494034653901
0.285,9e81ce3e9621f78a,0.422498330339879,1.47920680924451
0.29,9e81ce3e9621f78a,0.439913665736358,1.50346114175147
0.295,9e81ce3e9621f78a,0.45768610680846,1.52770335012345
0.3,9e81ce3e9621f78a,0.475802253811379,1.55193344042102
0.305,9e81ce3e9621f78a,0.494245511607633,1.5761514187017
0.31,9e81ce3e9621f78a,0.512995597257758,1.60035729101998
0.315,9e81ce3e9621f78a,0.532028014316704,1.62455106342733
0.32,9e81ce3e9621f78a,0.551313498431825,1.6487327419722
0.325,9e81ce3e9621f78a,0.570817440857215,1.6729023327
0.33,9e81ce3e9621f78a,0.590499298860824,1.69705984165313
0.335,9e81ce3e9621f78a,0.610312004700891,1.72120527487097
0.34,9e81ce3e9621f78a,0.630201387859273,1.74533863838987
0.345,9e81ce3e9621f78a,0.65010562848518,1.76945993824319
0.35,9e81ce3e9621f78a,0.669954763431152,1.79356918046124
0.355,9e81ce3e9621f78a,0.689670269718646,1.81766637107133
0.36,9e81ce3e9621f78a,0.709164753569139,1.84175151609776
0.365,9e81ce3e9621f78a,0.72834177604233,1.86582462156182
0.37,9e81ce3e9621f78a,0.747095848547523,1.88988569348179
0.375,9e81ce3e9621f78a,0.765312632702464,1.91393473787293
0.38,9e81ce3e9621f78a,0.782869378837018,1.9379717607475
0.385,9e81ce3e9621f78a,0.799635635492512,1.96199676811476
0.39,9e81ce3e9621f78a,0.815474258184244,1.98600976598097
0.395,9e81ce3e9621f78a,0.830242739160589,2.01001076034937
0.4,9e81ce3e9621f78a,0.843794870696496,2.03399975722021
0.405,9e81ce3e9621f78a,0.855982742545183,2.05797676259073
0.41,9e81ce3e9621f78a,0.866659059690315,2.0819417824552
0.415,9e81ce3e9621f78a,0.875679749896295,2.10589482280486
0.42,9e81ce3e9621f78a,0.88290681243483,2.12983588962798
0.425,9e81ce3e9621f78a,0.888211340750672,2.15376498890982
0.43,9e81ce3e9621f78a,0.891476633959637,2.17768212663267
0.435,9e81ce3e9621f78a,0.892601296385044,2.20158730877579
0.44,9e81ce3e9621f78a,0.891502212359768,2.22548054131549
0.445,9e81ce3e9621f78a,0.888117276718335,2.24936183022508
0.45,9e81ce3e9621f78a,0.882407761020531,2.27323118147488
0.455,9e81ce3e9621f78a,0.874360202429795,2.29708860103222
0.46,9e81ce3e9621f78a,0.863987716610276,2.32093409486147
0.465,9e81ce3e9621f78a,0.851330657640521,2.34476766892399
0.47,9e81ce3e9621f78a,0.836456575708306,2.36858932917818
0.475,9e81ce3e9621f78a,0.819459455539107,2.39239908157945
0.48,9e81ce3e9621f78a,0.800458252894573,2.41619693208025
0.485,9e81ce3e9621f78a,0.779594780527425,2.43998288663003
0.49,9e81ce3e9621f78a,0.757031026122358,2.46375695117528
0.495,9e81ce3e9621f78a,0.732946010650207,2.48751913165953
0.5,9e81ce3e9621f78a,0.707532314360466,2.51126943402331
0.505,9e81ce3e9621f78a,0.680992408157074,2.5350078642042
0.51,9e81ce3e9621f78a,0.653534929945143,2.55873442813681
0.515,9e81ce3e9621f78a,0.625371039084258,2.58244913175278
0.52,9e81ce3e9621f78a,0.596710968412405,2.60615198098079
0.525,9e81ce3e9621f78a,0.567760874012992,2.62984298174655
0.53,9e81ce3e9621f78a,0.538720059901101,2.6535221399728
0.535,9e81ce3e9621f78a,0.509778630106554,2.67718946157935
0.54,9e81ce3e9621f78a,0.481115596119383,2.70084495248301
0.545,9e81ce3e9621f78a,0.452897444944988,2.72448861859766
0.55,9e81ce3e9621f78a,0.425277153313386,2.74812046583422
0.555,9e81ce3e9621f78a,0.398393617686993,2.77174050010065
0.56,9e81ce3e9621f78a,0.372371457975842,2.79534872730196
0.565,9e81ce3e9621f78a,0.347321145282712,2.81894515334022
0.57,9e81ce3e9621f78a,0.32333940024962,2.8425297841145
0.575,9e81ce3e9621f78a,0.300509808138614,2.866102625521
0.58,9e81ce3e9621f78a,0.278903599012034,2.88966368345289
0.585,9e81ce3e9621f78a,0.258580545598761,2.91321296380047
0.59,9e81ce3e9621f78a,0.239589936985836,2.93675047245104
0.595,9e81ce3e9621f78a,0.221971592569951,2.96027621528899
0.6,9e81ce3e9621f78a,0.205756887248443,2.98379019819574
0.605,9e81ce3e9621f78a,0.190969765239248,3.0072924270498
0.61,9e81ce3e9621f78a,0.177627725916401,3.03078290772673
0.615,9e81ce3e9621f78a,0.165742770453047,3.05426164609913
0.62,9e81ce3e9621f78a,0.155322302782592,3.0777286480367
0.625,9e81ce3e9621f78a,0.146369982393858,3.10118391940618
0.63,9e81ce3e9621f78a,0.138886529792634,3.12462746607141
0.635,9e81ce3e9621f78a,0.132870488151216,3.14805929389325
0.64,9e81ce3e9621f78a,0.128318946814466,3.17147940872968
0.645,9e81ce3e9621f78a,0.125228234034452,3.19488781643571
0.65,9e81ce3e9621f78a,0.123594587670772,3.21828452286346
0.655,9e81ce3e9621f78a,0.123414813726542,3.24166953386208
0.66,9e81ce3e9621f78a,0.124686943595447,3.26504285527786
0.665,9e81ce3e9621f78a,0.127410901875683,3.2884044929541
0.67,9e81ce3e9621f78a,0.131589197662853,3.31175445273122
0.675,9e81ce3e9621f78a,0.137227653467263,3.33509274044671
0.68,9e81ce3e9621f78a,0.144336187416472,3.35841936193514
0.685,9e81ce3e9621f78a,0.152929666314668,3.38173432302817
0.69,9e81ce3e9621f78a,0.163028849562987,3.40503762955454
0.695,9e81ce3e9621f78a,0.174661447046729,3.42832928734008
0.7,9e81ce3e9621f78a,0.187863318042788,3.45160930220769
0.705,9e81ce3e9621f78a,0.202679843209573,3.47487767997738
0.71,9e81ce3e9621f78a,0.219167508061403,3.49813442646626
0.715,9e81ce3e9621f78a,0.237395744338833,3.5213795474885
0.72,9e81ce3e9621f78a,0.257449085796164,3.54461304885538
0.725,9e81ce3e9621f78a,0.279429707687392,3.56783493637528
0.73,9e81ce3e9621f78a,0.303460435346466,3.59104521585368
0.735,9e81ce3e9621f78a,0.329688327632191,3.61424389309314
0.74,9e81ce3e9621f78a,0.358288966806489,3.63743097389332
0.745,9e81ce3e9621f78a,0.389471619135654,3.66060646405101
0.75,9e81ce3e9621f78a,0.423485472074939,3.68377036936008
0.755,9e81ce3e9621f78a,0.460627206791374,3.7069226956115
0.76,9e81ce3e9621f78a,0.501250232162884,3.73006344859335
0.765,9e81ce3e9621f78a,0.545775992285909,3.75319263409082
0.77,9e81ce3e9621f78a,0.59470786899343,3.77631025788621
0.775,9e81ce3e9621f78a,0.648648340210723,3.79941632575892
0.78,9e81ce3e9621f78a,0.708320231765496,3.82251084348547
0.785,9e81ce3e9621f78a,0.774593123391377,3.8455938168395
0.79,9e81ce3e9621f78a,0.848516248792333,3.86866525159174
0.795,9e81ce3e9621f78a,0.93135957398219,3.89172515351005
0.8,9e81ce3e9621f78a,1.02466515361566,3.9147735283594
0.805,9e81ce3e9621f78a,1.13031134863385,3.9378103819019
0.81,9e81ce3e9621f78a,1.25059301723547,3.96083571989676
0.815,9e81ce3e9621f78a,1.3883213016148,3.9838495481003
0.82,9e81ce3e9621f78a,1.54694698478995,4.006851872266
0.825,9e81ce3e9621f78a,1.73071130373325,4.02984269814442
0.83,9e81ce3e9621f78a,1.94482704492509,4.05282203148328
0.835,9e81ce3e9621f78a,2.19568975403416,4.0757898780274
0.84,9e81ce3e9621f78a,2.49111228877469,4.09874624351876
0.845,9e81ce3e9621f78a,2.84056293846166,4.12169113369644
0.85,9e81ce3e9621f78a,3.25536353960406,4.14462455429666
0.855,9e81ce3e9621f78a,3.74876288697559,4.16754651105278
0.86,9e81ce3e9621f78a,4.3357342701741,4.19045700969529
0.865,9e81ce3e9621f78a,5.03224640297817,4.21335605595182
0.87,9e81ce3e9621f78a,5.85362525477501,4.23624365554712
0.875,9e81ce3e9621f78a,6.81148766820617,4.25911981420309
0.88,9e81ce3e9621f78a,7.90867254282968,4.28198453763878
0.885,9e81ce3e9621f78a,9.1318125547673,4.30483783157037
0.89,9e81ce3e9621f78a,10.4419919932464,4.32767970171118
0.895,9e81ce3e9621f78a,11.765640647402,4.35051015377167
0.9,9e81ce3e9621f78a,12.9903208807514,4.37332919345947
0.905,9e81ce3e9621f78a,13.9721225498681,4.39613682647932
0.91,9e81ce3e9621f78a,14.5601798338851,4.41893305853315
0.915,9e81ce3e9621f78a,14.6365658206393,4.44171789532
0.92,9e81ce3e9621f78a,14.1579342312028,4.46449134253609
0.925,9e81ce3e9621f78a,13.1774499173133,4.48725340587478
0.93,9e81ce3e9621f78a,11.83203956559,4.51000409102658
0.935,9e81ce3e9621f78a,10.299758411108,4.53274340367917
0.94,9e81ce3e9621f78a,8.74949852178444,4.55547134951737
0.945,9e81ce3e9621f78a,7.305928742606,4.57818793422318
0.95,9e81ce3e9621f78a,6.03875270124893,4.60089316347572
0.955,9e81ce3e9621f78a,4.97092909745041,4.62358704295133
0.96,9e81ce3e9621f78a,4.09483915058379,4.64626957832345
0.965,9e81ce3e9621f78a,3.38768089443414,4.66894077526274
