time_s,manifest_id,qV_difference_DG1,qV_difference_DG2,qV_difference_DG3,qV_difference_DG4,qomega_difference_DG1,qomega_difference_DG2,qomega_difference_DG3,qomega_difference_DG4,protected_command_difference,protected_voltage_state_difference,forced_weight_difference_norm,strict_construction_margin
0,f27c2278f5bdb77b,9.61795160181467e-09,4.00395272492915e-11,0,0,-1.60165283813463e-13,1.33471358965132e-13,0,0,4.80897580090733e-09,1.00000008274037e-10,7.69436498160303e-06,0.008
0.005,f27c2278f5bdb77b,8.86999301091818e-09,5.5205180704565e-11,9.04328695261469e-12,1.85401000107888e-11,-2.15545983839327e-12,1.99057523936341e-12,-1.51010931190299e-12,1.07034563504027e-12,4.13408193788989e-09,9.97741889108283e-11,7.79754086854823e-06,0.00681715030783722
0.01,f27c2278f5bdb77b,8.12720735848815e-09,5.58625992685968e-11,9.63108065521467e-12,2.15825066152142e-11,-6.88915331031881e-12,5.72836743317762e-12,-4.61332924986402e-12,3.47780051285218e-12,3.48720601700547e-09,9.90567627923156e-11,7.76310683403558e-06,0.00580919229575881
0.015,f27c2278f5bdb77b,7.40944489791007e-09,5.81314718584025e-11,1.28427650458729e-11,2.65645214159171e-11,-5.70888388645718e-12,4.77182182656577e-12,-3.8665797993942e-12,2.83933206807196e-12,2.88645803786514e-09,9.77169456461979e-11,7.59581168630064e-06,0.00495026713414292
0.02,f27c2278f5bdb77b,6.717612945073e-09,6.00605190581582e-11,1.75576914118736e-11,3.14434311921019e-11,-1.0527117372261e-12,1.04755960850245e-12,-8.50304852570427e-13,4.09592498806788e-13,2.33216356296251e-09,9.58213508539529e-11,7.27135126776801e-06,0.00421833939046711
0.025,f27c2278f5bdb77b,6.03562261974888e-09,4.49337303476405e-11,1.20576985895848e-11,1.78588602239849e-11,1.67662064787244e-12,-1.18005084870365e-12,1.06352231708795e-12,-8.94210486906966e-13,1.81638408827678e-09,9.35165278548311e-11,6.73528648120758e-06,0.00359463171013577
0.03,f27c2278f5bdb77b,5.37388138849293e-09,3.23581925143479e-11,1.32053742940563e-12,4.73891759167344e-12,-4.50621831515896e-12,3.67488656692616e-12,-2.87188458777954e-12,2.34336682003455e-12,1.31729164208616e-09,9.12003805808581e-11,5.86230037491475e-06,0.00306314308834623
0.035,f27c2278f5bdb77b,4.75881661854416e-09,3.50049295105848e-11,1.73246833545804e-12,8.31349572516515e-12,-5.34240837332667e-12,4.2604108175387e-12,-3.46992421774994e-12,2.64717197814845e-12,8.67237903452028e-10,8.84614603791078e-11,4.71619399777801e-06,0.00261023835836831
0.04,f27c2278f5bdb77b,4.17598705962363e-09,2.94351973351148e-11,4.14600645481933e-12,4.8378488715084e-12,1.04159606287291e-12,-9.86275948064441e-13,7.31259670871953e-13,-7.51869053128296e-13,4.86505599694986e-10,8.51281267699733e-11,3.3756566311105e-06,0.0022242984037551
0.045,f27c2278f5bdb77b,3.60127644719044e-09,5.70314628856039e-12,-8.1445926392032e-12,-1.93830368422354e-11,1.56306738385847e-12,-1.50702291357857e-12,1.27944822705256e-12,-8.85851071316668e-13,1.28917489530811e-10,8.17710343881117e-11,1.57617808027588e-06,0.00189542207171228
0.05,f27c2278f5bdb77b,3.06909790637189e-09,5.05003330819598e-12,-1.4805438125487e-11,-2.11502482194703e-11,-3.23370670518575e-12,2.57631004203784e-12,-1.91834097435298e-12,1.76590382941488e-12,-2.32161352642368e-10,7.85882470211163e-11,9.64787721491334e-07,0.00161517214678673
0.055,f27c2278f5bdb77b,2.5779993192282e-09,9.42637114198508e-12,-1.55229770010257e-11,-1.67600117811917e-11,-3.57411149287667e-12,2.83072491228525e-12,-2.27572054625237e-12,1.78081811449959e-12,-5.47600347011734e-10,7.50826067985599e-11,4.02511913732972e-06,0.00137635891144591
0.06,f27c2278f5bdb77b,2.12267135292488e-09,5.54525175777698e-13,-1.14533981257492e-11,-2.35027969308632e-11,1.75694701842755e-12,-1.71833353752524e-12,1.36948213728429e-12,-1.06390785938049e-12,-7.59261337829331e-10,7.11168901545989e-11,7.04440750121105e-06,0.00117285569936381
0.065,f27c2278f5bdb77b,1.68439716081298e-09,-6.0289082753906e-12,-1.87068169114901e-11,-3.1015509605048e-11,-1.97042685987081e-13,3.19198877399285e-14,9.18463879441295e-14,1.28183596549702e-13,-1.00773557901168e-09,6.7491345845383e-11,1.14254546147441e-05,0.000999441699989748
0.07,f27c2278f5bdb77b,1.27979855342854e-09,-1.20088296945431e-11,-2.4277992322682e-11,-3.75709086238019e-11,-9.51416679814687e-13,6.2080982715651e-13,-3.93521993420284e-13,5.1726158079024e-13,-1.21946930678463e-09,6.3759442170408e-11,1.6581250128489e-05,0.000851668037535868
0.075,f27c2278f5bdb77b,9.16512159134658e-10,-1.0895276976626e-11,-2.2752754975236e-11,-3.58134019402129e-11,-6.15617799792911e-13,3.32272268510278e-13,-1.79477391065372e-13,3.23062648681371e-13,-1.38851874442736e-09,5.99846838866824e-11,2.24536980594214e-05,0.000725743628745027
0.08,f27c2278f5bdb77b,5.83435110987351e-10,-8.97398474974942e-12,-2.12242810132546e-11,-3.3304375750276e-11,-4.81175863042971e-13,2.37622204898869e-13,-1.12435126313482e-13,2.46917178543804e-13,-1.53461569146751e-09,5.62432322936957e-11,2.93999128527789e-05,0.000618437925740784
0.085,f27c2278f5bdb77b,2.79967981089979e-10,-6.2776225190353e-12,-1.94732381261775e-11,-3.00616294010569e-11,-1.60800626286539e-13,-3.22139775792152e-14,4.96278365624825e-14,2.03249960264995e-14,-1.65772548119114e-09,5.25395282835461e-11,3.75347181403862e-05,0.000526998037177889
0.09,f27c2278f5bdb77b,1.33243346911449e-11,2.15043260975989e-12,-1.19956006933153e-11,-2.00432517805105e-11,5.20760301200851e-13,-5.63003636766535e-13,4.55461352227154e-13,-3.57462540470643e-13,-1.74805564814862e-09,4.89144280635401e-11,4.66986435027072e-05,0.000449078103839798
0.095,f27c2278f5bdb77b,-2.44402805285593e-10,-3.34637526022696e-12,-1.65977214611202e-11,-2.57584092944185e-11,-3.71111127939194e-13,2.09690378667575e-13,-8.37678993011182e-14,2.11023364581064e-13,-1.83474205273093e-09,4.53390658350372e-11,5.77890433751671e-05,0.000382679117457817
0.1,f27c2278f5bdb77b,-4.7427738125716e-10,-6.56072765559124e-12,-1.99626530583696e-11,-2.93324635414205e-11,-1.42399438594898e-13,-1.62501983440658e-14,5.63205081530183e-15,-9.70935571525944e-15,-1.90129875038414e-09,4.18505230470601e-11,7.0547223446682e-05,0.000326097632888899
0.105,f27c2278f5bdb77b,-6.61410405611296e-10,2.31496245783891e-12,-1.17610244459998e-11,-1.8426423581408e-11,-1.06967711598072e-13,1.5048224710594e-14,4.77435473968113e-14,5.30341829479974e-14,-1.93398544748313e-09,3.85071974307039e-11,8.44688071367505e-05,0.000277882072504156
0.11,f27c2278f5bdb77b,-8.51467740065059e-10,-7.95426918775988e-12,-2.07004344221495e-11,-2.99619183630195e-11,-9.47071197507365e-14,-5.31998219348989e-14,1.1147766737496e-14,-5.27245348075356e-14,-1.9701932446603e-09,3.52065043784933e-11,0.000101280950629112,0.000236795482098471
0.115,f27c2278f5bdb77b,-9.91005267431122e-10,1.7917195505035e-12,-1.1775056624197e-11,-1.77476713880687e-11,-5.68716840114447e-13,3.83077535079553e-13,-2.26496339045257e-13,3.26204991837886e-13,-1.971271743062e-09,3.20452553381756e-11,0.000119194979132264,0.00020178379985921
0.12,f27c2278f5bdb77b,-1.10102334541229e-09,1.8928070916191e-11,2.91732436819014e-12,2.10631512231885e-12,8.49355525148199e-13,-7.63454308994917e-13,5.85946222098066e-13,-5.31929643561579e-13,-1.96146071954062e-09,2.92772472931802e-11,0.000139447759612388,0.000171948811160772
0.125,f27c2278f5bdb77b,-1.24502735898702e-09,-5.34370638016757e-12,-1.72145058624507e-11,-2.51144868790298e-11,1.5762694968724e-13,-2.14123085039673e-13,1.3951925552369e-13,-1.68559610713714e-13,-1.96248543804511e-09,2.62319055366333e-11,0.000164120362385889,0.000146525111748169
0.13,f27c2278f5bdb77b,-1.33989911874077e-09,-6.854532566547e-12,-1.81115799441356e-11,-2.5717938195724e-11,-7.53534550295559e-13,5.46316803102555e-13,-3.75132759057595e-13,4.15300931665141e-13,-1.93413749252636e-09,2.33146835171283e-11,0.000190176352740434,0.000124860464341475
0.135,f27c2278f5bdb77b,-1.40415865740318e-09,1.89256423033246e-12,-1.04255978849999e-11,-1.4710045681543e-11,-9.80036418771896e-13,7.21178704862074e-13,-4.86848408809415e-13,5.63630847723318e-13,-1.89215201319703e-09,2.06688000048416e-11,0.000218680154512985,0.000106399069324515
0.14,f27c2278f5bdb77b,-1.44358534501232e-09,1.75248062589395e-11,2.90703225380717e-12,3.9103720261835e-12,-3.54588157881058e-13,2.62499277956657e-13,-1.18461772509459e-13,2.44624307789432e-13,-1.85101926321318e-09,1.84350312792958e-11,0.000251353229853257,9.06673060513961e-05
0.145,f27c2278f5bdb77b,-1.48950200784537e-09,1.6668607466519e-11,2.64065158628313e-12,3.64393411278474e-12,-1.92013831050442e-14,8.1673383334202e-14,5.19585459726746e-14,1.11749368439384e-13,-1.81205247681837e-09,1.62492241884138e-11,0.000289150931311988,7.72615816229527e-05
0.15,f27c2278f5bdb77b,-1.54010740618937e-09,1.46214117202614e-12,-9.13808785585335e-12,-1.29538862275735e-11,-9.1014598201794e-14,2.07060524325467e-13,-2.12926464654428e-14,1.94241107573379e-13,-1.76160604159481e-09,1.39970257606592e-11,0.000330434089893972,6.58379768600187e-05
0.155,f27c2278f5bdb77b,-1.55853572582354e-09,1.39683403732604e-12,-8.5627407941935e-12,-1.20840889378249e-11,-4.17618955909915e-14,2.27656977470903e-13,9.27133803757529e-15,2.30735569539675e-13,-1.69867594036061e-09,1.19426690758928e-11,0.000374438688037881,5.61034233420316e-05
0.16,f27c2278f5bdb77b,-1.57491151023259e-09,-5.88581093585727e-12,-1.37810769740287e-11,-1.93337446746655e-11,-6.54898281871735e-13,5.82735682624902e-13,-3.47317227061827e-13,4.5830418453352e-13,-1.61270804089481e-09,9.72533165111145e-12,0.000417966054473418,4.78081838673217e-05
0.165,f27c2278f5bdb77b,-1.5440127718036e-09,1.57111441911884e-11,3.95609760228677e-12,6.46865894182724e-12,-8.36637508404292e-13,5.35013087435074e-13,-4.06624820620261e-13,4.16357920363097e-13,-1.53137951711818e-09,7.93254351094674e-12,0.000466228015330805,4.07394470921638e-05
0.17,f27c2278f5bdb77b,-1.5309964580823e-09,1.60975850704848e-11,4.80055578622185e-12,7.8581915280429e-12,-9.20138314500218e-13,5.09801239851476e-13,-4.6772785297633e-13,3.64807359667929e-13,-1.45648615564042e-09,6.26809715242871e-12,0.000521084888666867,3.47158666904449e-05
0.175,f27c2278f5bdb77b,-1.50858130328058e-09,1.72468948844706e-11,6.17974681843547e-12,1.00420557286318e-11,-3.02173975945397e-13,3.74206416721423e-13,-1.28134373771072e-13,3.39383469244448e-13,-1.40338285155132e-09,4.99977836909693e-12,0.000589653650859057,2.95829104058674e-05
0.18,f27c2278f5bdb77b,-1.47841311588792e-09,1.88361106226442e-11,8.48649362589216e-12,1.28990455469657e-11,-7.61161614423397e-13,5.03951101769179e-13,-4.00757985824507e-13,3.75007100025804e-13,-1.2881984131209e-09,3.373523682626e-12,0.000636655080114457,2.52088932424495e-05
0.185,f27c2278f5bdb77b,-1.4308172459343e-09,2.91911130684275e-11,1.71726053516119e-11,2.56461206438185e-11,-1.02531248465446e-12,3.2548372634264e-13,-5.34234657380284e-13,1.65812459249071e-13,-1.20570644467815e-09,2.11364259428137e-12,0.000700152804748111,2.14816016337084e-05
0.19,f27c2278f5bdb77b,-1.39472601176638e-09,2.59489218307207e-11,1.47798344743433e-11,2.27711287326127e-11,-3.89734631286304e-13,2.92846964126264e-13,-1.85106162169102e-13,2.40723673633481e-13,-1.16415308816509e-09,1.21502807814977e-12,0.000793605932372987,1.83054137021801e-05
0.195,f27c2278f5bdb77b,-1.34273971021809e-09,3.15585535134999e-11,1.9804143568114e-11,3.00751784587661e-11,-2.52302099026415e-13,3.38711155477289e-13,-1.03531874913465e-13,3.11894390522816e-13,-1.08238955645601e-09,2.27373675443232e-13,0.000867070948904036,1.55988447644933e-05
0.2,f27c2278f5bdb77b,-1.2829275671325e-09,4.02935345679423e-11,2.73615036877617e-11,4.0883484098142e-11,-6.85051584144343e-13,1.41885093084271e-13,-3.33467628510498e-13,5.56913456323249e-14,-9.89090330038439e-10,-7.33635374672303e-13,0.00093148886816552,1.3292458395639e-05
0.205,f27c2278f5bdb77b,-1.24682018615846e-09,2.75118313547429e-11,1.74901326061017e-11,2.70603062527131e-11,-2.13746799123185e-13,2.77495366095282e-13,-8.94172973511798e-14,2.5390496996569e-13,-9.4467037361004e-10,-1.46904710618401e-12,0.00104477458725361,1.13270861571654e-05
0.21,f27c2278f5bdb77b,-1.18246585916956e-09,3.49976306615596e-11,2.40733231959833e-11,3.64767569448199e-11,-2.84326158266329e-13,2.97538740607478e-13,-1.35312876355098e-13,2.59120632936649e-13,-8.55759383494581e-10,-2.18625118009186e-12,0.00111285041338904,9.6523061335846e-06
0.215,f27c2278f5bdb77b,-1.13198019707772e-09,3.00680819218663e-11,2.05339740436822e-11,3.14304949254607e-11,-4.68388970661991e-13,1.0035445781667e-13,-2.1435717784124e-13,4.7495427729638e-14,-7.96167572408163e-10,-2.80331313717852e-12,0.0012165430442389,8.22515258448167e-06
0.22,f27c2278f5bdb77b,-1.07785281069396e-09,2.65348428993284e-11,1.82534549541397e-11,2.82173285388529e-11,-2.55060635037386e-13,2.56776858890279e-13,-1.24863986337986e-13,2.20644032558615e-13,-7.29295394040486e-10,-3.35109717752857e-12,0.00131004487008846,7.00901284929139e-06
0.225,f27c2278f5bdb77b,-1.02113645360571e-09,2.43620430903299e-11,1.69759986233184e-11,2.64485554225986e-11,-5.12473415347761e-14,4.03316648741464e-13,-2.08631939849213e-14,3.88507368637159e-13,-6.6562805484463e-10,-3.80828701906921e-12,0.00140563496087021,5.97268699295897e-06
0.23,f27c2278f5bdb77b,-9.58703944492012e-10,2.64610909681169e-11,1.91156843500941e-11,2.9386139246794e-11,-4.6684268660579e-13,9.03734552470947e-14,-2.28729253419491e-13,3.08492380945991e-14,-5.97718949422316e-10,-4.17088585891179e-12,0.00148450916029796,5.08958781583312e-06
0.235,f27c2278f5bdb77b,-9.05155204261598e-10,2.12873361651747e-11,1.5465073639016e-11,2.40619300200841e-11,-4.42340229115518e-13,9.23153155481249e-14,-2.17528686036195e-13,3.4627682665711e-14,-5.41161430337583e-10,-4.50017800801561e-12,0.00158066200820528,4.3370606537807e-06
0.24,f27c2278f5bdb77b,-8.5622180775579e-10,1.24740450174049e-11,8.92822800283369e-12,1.46906783612955e-11,8.67819542355736e-14,5.04058979885341e-13,3.63283621934718e-14,4.9687988099012e-13,-4.89214691326567e-10,-4.82658357725541e-12,0.00168095960801751,3.69579977705313e-06
0.245,f27c2278f5bdb77b,-7.89033063495689e-10,1.87458390824013e-11,1.42035526406754e-11,2.25186752925155e-11,3.2859721616884e-13,7.37448405292718e-13,1.39098259820114e-13,7.4981470685187e-13,-4.26546499076447e-10,-5.00510743961513e-12,0.00172531555810185,3.1493531429999e-06
0.25,f27c2278f5bdb77b,-7.29888303442616e-10,1.94130988411326e-11,1.50415894204035e-11,2.38077168656509e-11,6.04391889183833e-13,9.76849514906092e-13,2.77723265391938e-13,1.0146696850788e-12,-3.73131278912781e-10,-5.1467718975573e-12,0.00177702795401835,2.68370210377102e-06
0.255,f27c2278f5bdb77b,-6.68402536227117e-10,2.28656016646941e-11,1.80264539731932e-11,2.82623699833853e-11,8.17417680309789e-13,1.1784627635715e-12,3.71013875004322e-13,1.23363493899353e-12,-3.20022325696681e-10,-5.23114884742881e-12,0.0017959465521532,2.28690044666254e-06
0.26,f27c2278f5bdb77b,-6.12133604005125e-10,2.33657531257397e-11,1.86895536481886e-11,2.92068788858985e-11,8.65296258310919e-13,1.23009615731265e-12,3.95458297185181e-13,1.2879367711216e-12,-2.73127217240501e-10,-5.26156895830354e-12,0.00180726459671543,1.94876824764615e-06
0.265,f27c2278f5bdb77b,-5.62186613234372e-10,2.00875618222573e-11,1.64366787324885e-11,2.57748227058471e-11,7.97976478460454e-13,1.17601555663788e-12,3.62400322424794e-13,1.22541386760044e-12,-2.30166378903211e-10,-5.27489163459904e-12,0.00179839421320072,1.6606308898947e-06
0.27,f27c2278f5bdb77b,-5.09820887112725e-10,2.02087193550485e-11,1.67600770772675e-11,2.61642441653359e-11,7.27131577876478e-13,1.12469571416501e-12,3.27231189194144e-13,1.16567085844954e-12,-1.90170089673828e-10,-5.21160892219541e-12,0.0017564974710248,1.41509641761071e-06
0.275,f27c2278f5bdb77b,-4.63462540480769e-10,1.70041543779559e-11,1.45329222560244e-11,2.2737058546704e-11,6.51344673726142e-13,1.06246391892717e-12,2.87946424516738e-13,1.09444116096202e-12,-1.5276335882039e-10,-5.15187892347058e-12,0.00167368292636771,1.20586572656769e-06
0.28,f27c2278f5bdb77b,-4.18981779717713e-10,1.39488112358387e-11,1.23814587461813e-11,1.94230975704077e-11,7.03827146846144e-13,1.10812840023802e-12,3.22474577423015e-13,1.14301667089589e-12,-1.19177055485538e-10,-5.05440134190849e-12,0.00155459652174705,1.02757120143382e-06
0.285,f27c2278f5bdb77b,-3.7204996375384e-10,1.46006250438448e-11,1.30341545119973e-11,2.02861947617809e-11,4.47272291903208e-13,8.98734428891879e-13,1.78704707282096e-13,9.09176380015086e-13,-8.87453721620801e-11,-4.88808993281964e-12,0.00138591401658616,8.7563834787717e-07
0.29,f27c2278f5bdb77b,-3.38030600743628e-10,6.55357049823748e-12,7.07497577775822e-12,1.12224561241159e-11,2.16349155387693e-13,6.82285554009371e-13,8.75343634382242e-14,6.7034832545998e-13,-6.04505701138486e-11,-4.77085038141922e-12,0.00115317461021947,7.46169681282082e-07
0.295,f27c2278f5bdb77b,-3.00982895643518e-10,2.84153080297271e-12,4.33981155048904e-12,7.01472749990175e-12,-2.10477363755132e-13,3.05667546395688e-13,-1.17122891246657e-13,2.55475978913622e-13,-3.81596178267163e-11,-4.57367477224579e-12,0.000909342136746316,6.35843542883029e-07
0.3,f27c2278f5bdb77b,-2.63923109481887e-10,1.05048711699848e-12,2.9883582045552e-12,4.91625642105864e-12,-1.04444964741551e-12,-4.18015773905045e-13,-5.54404612496118e-13,-5.39327046564231e-13,-2.18928510303112e-11,-4.32276436868051e-12,0.000731639462451694,5.4182936302721e-07
0.305,f27c2278f5bdb77b,-2.32278571756558e-10,-3.41825309377319e-12,-3.48874900323037e-13,-1.55901116669077e-13,-1.78011402259735e-12,-1.06733301667369e-12,-9.3451114901999e-13,-1.25021651017909e-12,-3.38623400153448e-12,-4.12225809043321e-12,0.00108088170233422,4.61715734519173e-07
0.31,f27c2278f5bdb77b,-2.02854211401628e-10,-7.88223512068059e-12,-3.68512663960485e-12,-5.21495119223253e-12,-2.39112795522348e-12,-1.61015086897268e-12,-1.25156742608601e-12,-1.84267119791859e-12,1.43458868916146e-11,-3.93218790861738e-12,0.0014401904241701,3.93447417807022e-07
0.315,f27c2278f5bdb77b,-1.75061263228693e-10,-1.18084392090878e-11,-6.64136324060594e-12,-9.70334045318627e-12,-2.7013924747848e-12,-1.88699522587349e-12,-1.41871703187441e-12,-2.14285035028683e-12,2.9647531825383e-11,-3.74367203903603e-12,0.00190123433562395,3.35273200725242e-07
0.32,f27c2278f5bdb77b,-1.48424847174096e-10,-1.49426288400048e-11,-8.95276810585627e-12,-1.32578425234703e-11,-2.44409727238838e-12,-1.66548345210613e-12,-1.28787887472559e-12,-1.89836536247656e-12,4.7234187915135e-11,-3.58091334362598e-12,0.00213673268959513,2.85700904993592e-07
0.325,f27c2278f5bdb77b,-1.22209372179286e-10,-1.66554476373898e-11,-1.01762973048203e-11,-1.52025939580136e-11,-1.99060886318329e-12,-1.26574017109485e-12,-1.0616085918333e-12,-1.460332505962e-12,6.41643283644244e-11,-3.41082717625341e-12,0.00296124134296583,2.43458410520946e-07
0.33,f27c2278f5bdb77b,-9.68327674988334e-11,-1.73642658411743e-11,-1.06157010265617e-11,-1.59819679192152e-11,-1.33124125601108e-12,-6.86533187070626e-13,-7.16578922935196e-13,-8.2796616784897e-13,8.16487034233093e-11,-3.23985283046113e-12,0.00453515322570808,2.0746199118891e-07
0.335,f27c2278f5bdb77b,-7.17613681151807e-11,-1.66728360718321e-11,-9.9874594271937e-12,-1.51475540010465e-11,-5.65314234226427e-13,-1.53150604177699e-14,-3.03504617271688e-13,-9.7048454342219e-14,9.90859109172015e-11,-3.05910852205216e-12,0.0065623062388922,1.76788058441155e-07
0.34,f27c2278f5bdb77b,-4.79868705535735e-11,-1.53539128026209e-11,-8.92076581875123e-12,-1.36324098710949e-11,1.28020098862092e-13,5.93489775553568e-13,7.34853801073743e-14,5.64331133906526e-13,1.13451235385365e-10,-2.86060064524918e-12,0.00890845407936114,1.50649494988801e-07
0.345,f27c2278f5bdb77b,-2.65222661541276e-11,-1.42544533034833e-11,-8.06687919588378e-12,-1.24207532280207e-11,7.14526609537844e-13,1.10925895205338e-12,3.94518077061201e-13,1.123155604979e-12,1.24026290106161e-10,-2.65210076122457e-12,0.011509948399103,1.28375674944342e-07
0.35,f27c2278f5bdb77b,-7.96564463695359e-12,-1.38946996269818e-11,-7.82570319310394e-12,-1.2119781307024e-11,1.03593332913612e-12,1.39707131497149e-12,5.59974159056176e-13,1.43344364156306e-12,1.30131775147313e-10,-2.43627340523744e-12,0.0142453487107057,1.09395010688094e-07
0.355,f27c2278f5bdb77b,5.55411250845184e-12,-1.6033071138094e-11,-9.53901757930198e-12,-1.475494964924e-11,9.21831756978478e-13,1.30424691229328e-12,4.79081076025512e-13,1.32966207488927e-12,1.30775044005632e-10,-2.22732943200299e-12,0.0168587806283904,9.32203863624262e-08
0.36,f27c2278f5bdb77b,1.85464840100208e-11,-1.72566759059495e-11,-1.05527945323119e-11,-1.63032079156245e-11,6.71072491196037e-13,1.08707265194727e-12,3.30841690848738e-13,1.09174149755253e-12,1.31915204888006e-10,-2.02438066310151e-12,0.0200230222787945,7.9437131554963e-08
0.365,f27c2278f5bdb77b,3.32807123873402e-11,-1.58359423664545e-11,-9.53912730056183e-12,-1.47659631917485e-11,6.19784009271013e-13,1.04046304449761e-12,3.04306710038893e-13,1.04032776317153e-12,1.35453613169662e-10,-1.82054371578033e-12,0.0242141455389659,6.7691968589495e-08
0.37,f27c2278f5bdb77b,4.831347908546e-11,-1.29504107090894e-11,-7.4085045823763e-12,-1.15275369545059e-11,7.635649924842e-13,1.1589244375363e-12,4.00651842431821e-13,1.16898580659192e-12,1.39608294542903e-10,-1.61759494687885e-12,0.0293883876134966,5.76835737011458e-08
0.375,f27c2278f5bdb77b,6.12970433959414e-11,-1.04948140022126e-11,-5.6198166779875e-12,-8.8047915312861e-12,9.52117833359634e-13,1.3126677750417e-12,5.2863616262222e-13,1.33575366479538e-12,1.42107698438559e-10,-1.424638185199e-12,0.0352094424760965,4.91550391583905e-08
0.38,f27c2278f5bdb77b,7.11768187791617e-11,-9.35902722508375e-12,-4.85914737266557e-12,-7.6354996544209e-12,9.87432954412809e-13,1.33510533900129e-12,5.61053807579537e-13,1.3593297494563e-12,1.41935941298799e-10,-1.24433796599988e-12,0.0413713157958766,4.18873825618494e-08
0.385,f27c2278f5bdb77b,7.67905574197703e-11,-1.05545025844145e-11,-5.88460226727539e-12,-9.17162656585702e-12,7.49135237350373e-13,1.12416957795576e-12,4.23188068789104e-13,1.12495765740989e-12,1.3920167319173e-10,-1.08713038571295e-12,0.0477013866944047,3.56940392669302e-08
0.39,f27c2278f5bdb77b,8.14353697323189e-11,-1.15518120243074e-11,-6.76420876775941e-12,-1.04728920848063e-11,4.51616229222435e-13,8.62591126456723e-13,2.50496997276917e-13,8.33517282972096e-13,1.36206535850461e-10,-9.39692768042732e-13,0.0548680814918334,3.04163285325598e-08
0.395,f27c2278f5bdb77b,8.66782778365105e-11,-1.11644031693114e-11,-6.59520051418672e-12,-1.01766858828789e-11,2.20710223101245e-13,6.56616159556457e-13,1.24770311270284e-13,6.0387643236598e-13,1.33527091727287e-10,-7.92033105767587e-13,0.0632442877848371,2.59189789845581e-08
0.4,f27c2278f5bdb77b,9.21518894178575e-11,-9.73955486573141e-12,-5.64167007381655e-12,-8.68814460479317e-12,5.32412113528336e-14,5.01170685626631e-13,4.80482624173884e-14,4.31364904733555e-13,1.30812758628723e-10,-6.45261621912141e-13,0.0728645480842454,2.20866137946082e-08
0.405,f27c2278f5bdb77b,9.71460112873801e-11,-7.90680802081889e-12,-4.38303191484246e-12,-6.73497911087007e-12,-1.09373664639034e-13,3.44430599763957e-13,-1.3797773687485e-14,2.58613876841229e-13,1.27717684301684e-10,-5.03819208574896e-13,0.0836701076683308,1.88208618966427e-08
0.41,f27c2278f5bdb77b,1.0117733885949e-10,-6.11448218446053e-12,-3.15585903763738e-12,-4.83245301413637e-12,-3.38211229855556e-13,1.24858551774597e-13,-1.0334452477806e-13,1.6192559446071e-14,1.24148713878669e-10,-3.71480624039577e-13,0.0956565767393101,1.60378764793318e-08
0.415,f27c2278f5bdb77b,1.04051948914691e-10,-4.58075049246387e-12,-2.12615493787316e-12,-3.22660041046641e-12,-7.09156366442143e-13,-2.22926935429264e-13,-2.64355594706278e-13,-3.71268554094639e-13,1.20180603316311e-10,-2.5024426975051e-13,0.108902334051967,1.36661918256507e-08
0.42,f27c2278f5bdb77b,1.06092985742087e-10,-3.10681211659891e-12,-1.14268794079719e-12,-1.68761727682709e-12,-1.22510985731128e-12,-7.02884948053199e-13,-4.98669573516242e-13,-9.09200340883098e-13,1.15932383051159e-10,-1.38777878078145e-13,0.1235517938207,1.16449677059352e-08
0.425,f27c2278f5bdb77b,1.07634912701465e-10,-1.47377444449648e-12,-3.80754455742149e-14,3.14988920363524e-14,-1.80499061877559e-12,-1.24501940061781e-12,-7.66023095649659e-13,-1.51854906687426e-12,1.11376809467864e-10,-3.35287353436797e-14,0.139620337633193,9.92244318415332e-09
0.43,f27c2278f5bdb77b,1.08421256781593e-10,6.06301033684309e-14,9.92076212846804e-13,1.63387445933916e-12,-2.50853222742708e-12,-1.89860925375526e-12,-1.10355398864198e-12,-2.26012611403981e-12,1.06436992249395e-10,6.30606677987089e-14,0.15696771853042,8.45438227813165e-09
0.435,f27c2278f5bdb77b,1.08493917842789e-10,1.47633619738963e-12,1.9358746376763e-12,3.09650894335378e-12,-3.33149024860091e-12,-2.65895346105577e-12,-1.51821003685493e-12,-3.13019076804422e-12,1.01208412310594e-10,1.51878509768721e-13,0.175613566784479,7.20314515337012e-09
0.44,f27c2278f5bdb77b,1.07898692801658e-10,2.76003568958072e-12,2.78210766056775e-12,4.40325640532757e-12,-4.20809242486497e-12,-3.4658787612888e-12,-1.98897929376551e-12,-4.0611724053119e-12,9.57086586633044e-11,2.32258656751583e-13,0.19543079579684,6.13672164093918e-09
0.445,f27c2278f5bdb77b,1.06682196496927e-10,3.89932834285456e-12,3.52461332689402e-12,5.54670719077333e-12,-4.96858240314757e-12,-4.16604356806398e-12,-2.44231913339166e-12,-4.87724314060523e-12,9.00161483980561e-11,3.04867242562068e-13,0.216345409307028,5.22795272253195e-09
0.45,f27c2278f5bdb77b,1.04894105771094e-10,4.88923268190944e-12,4.15748728846421e-12,6.51875515372824e-12,-5.31697906189232e-12,-4.4938060976378e-12,-2.73328538621942e-12,-5.27058420778798e-12,8.41634707890102e-11,3.69482222595252e-13,0.238143485294239,4.45385299680575e-09
0.455,f27c2278f5bdb77b,1.02581064736346e-10,5.72574409760107e-12,4.68034638823056e-12,7.31480999903444e-12,-4.88540132827231e-12,-4.12097377164473e-12,-2.66168445790804e-12,-4.85700488075252e-12,7.81900122990078e-11,4.26103596851135e-13,0.260539865727797,3.79495748205078e-09
0.46,f27c2278f5bdb77b,9.97953145901592e-11,6.41007798056481e-12,5.09418418906393e-12,7.93714139551982e-12,-3.41707966176191e-12,-2.82128644448279e-12,-2.05676404727018e-12,-3.36565985584875e-12,7.21420805038786e-11,4.74953409934642e-13,0.283177989519831,3.23462267409237e-09
0.465,f27c2278f5bdb77b,9.65836703149814e-11,6.94152200997333e-12,5.40202561502556e-12,8.38844271822126e-12,-1.0349312552782e-12,-7.09691067848559e-13,-9.21709811339128e-13,-9.19079591078786e-13,6.60836633895392e-11,5.16697795660548e-13,0.305681827607014,2.75831258474048e-09
0.47,f27c2278f5bdb77b,9.29988308584484e-11,7.32639166348137e-12,5.60537857449694e-12,8.67705365024951e-12,1.6153769944946e-12,1.63309161116051e-12,4.62042459414141e-13,1.8152408287446e-12,6.00426997617726e-11,5.51336754028853e-13,0.32743795572729,2.35307738019001e-09
0.475,f27c2278f5bdb77b,8.90897345045411e-11,7.57007130591791e-12,5.71049826349201e-12,8.81093765656149e-12,3.59640605056971e-12,3.371099243938e-12,1.61393874610269e-12,3.86120204819845e-12,5.40751789049679e-11,5.79536418854332e-13,0.347838338806969,2.00747464251848e-09
0.48,f27c2278f5bdb77b,8.49044684385347e-11,7.68265442582794e-12,5.72405534429721e-12,8.80092179689207e-12,4.23336441856409e-12,3.90974828467366e-12,2.12777240488418e-12,4.5086964218545e-12,4.81691414186414e-11,6.0063065632221e-13,0.365716305784871,1.71187545557191e-09
0.485,f27c2278f5bdb77b,8.04897919148839e-11,7.67437415699623e-12,5.65325867715738e-12,8.65759438965774e-12,3.54327353048467e-12,3.27591773152669e-12,1.92727290290046e-12,3.76160403823753e-12,4.24153160510921e-11,6.16173778666962e-13,0.380382225505332,1.45868359226328e-09
0.49,f27c2278f5bdb77b,7.58937008290411e-11,7.55620284224878e-12,5.5068779397649e-12,8.39474973909904e-12,2.15125638657054e-12,2.038621604427e-12,1.27491105780114e-12,2.25381806316996e-12,3.68154557403924e-11,6.25943741283663e-13,0.390379758125377,1.24205656127979e-09
0.495,f27c2278f5bdb77b,7.11610185924819e-11,7.33893664155855e-12,5.29252358084931e-12,8.0245529188519e-12,8.29007001934556e-13,8.96153268779842e-13,5.57219147125781e-13,7.68930166934745e-13,3.13973865352993e-11,6.30384633382164e-13,0.394185674525422,1.05725914378548e-09
0.5,f27c2278f5bdb77b,6.49747166877115e-11,6.01416084902023e-12,4.3014317151549e-12,6.30746030492318e-12,5.5944832100252e-16,4.21875533639093e-14,-3.22298611410421e-14,1.14158845137408e-13,2.48922140495475e-11,6.32160990221564e-13,0.371382285940861,9.00395759307563e-10
