time_s,manifest_id,pV_nom_DG1,pV_nom_DG2,pV_nom_DG3,pV_nom_DG4,pV_alt_DG1,pV_alt_DG2,pV_alt_DG3,pV_alt_DG4,pomega_nom_DG1,pomega_nom_DG2,pomega_nom_DG3,pomega_nom_DG4,pomega_alt_DG1,pomega_alt_DG2,pomega_alt_DG3,pomega_alt_DG4,public_difference_l2
0,f27c2278f5bdb77b,0.0674674172110473,0.0385695200618645,0.0437138542440131,0.0470988141297738,0.0674674172110473,0.0385695200618645,0.0437138542440131,0.0470988141297738,0.00749863684883394,-0.00683379164685732,0.00583937429871346,-0.00373360977208477,0.00749863684883394,-0.00683379164685732,0.00583937429871346,-0.00373360977208477,0
0.005,f27c2278f5bdb77b,0.0653755002431442,0.039263642630084,0.0424190514201687,0.0472867311220201,0.0653755002431442,0.039263642630084,0.0424190514201687,0.0472867311220201,0.00631282015331596,-0.00594114645171281,0.00509581228728595,-0.00314015205481226,0.00631282015331596,-0.00594114645171281,0.00509581228728595,-0.00314015205481226,0
0.01,f27c2278f5bdb77b,0.0623880960251615,0.0388933990532603,0.0405165900468666,0.0463624354363076,0.0623880960251615,0.0388933990532603,0.0405165900468666,0.0463624354363076,0.0052974521106408,-0.00517043187617566,0.00445480512263732,-0.00263050636875785,0.0052974521106408,-0.00517043187617566,0.00445480512263732,-0.00263050636875785,0
0.015,f27c2278f5bdb77b,0.0586410103325296,0.0376165379862934,0.0381007524561016,0.0444915719774364,0.0586410103325296,0.0376165379862934,0.0381007524561016,0.0444915719774364,0.00442854364786933,-0.00450449785879747,0.00390246611639391,-0.00219229310128169,0.00442854364786933,-0.00450449785879747,0.00390246611639391,-0.00219229310128169,0
0.02,f27c2278f5bdb77b,0.054271534094989,0.035584990742842,0.0352658207329836,0.0418349688192537,0.054271534094989,0.035584990742842,0.0352658207329836,0.0418349688192537,0.00368551148122223,-0.00392858564625048,0.0034267996183925,-0.00181493573658776,0.00368551148122223,-0.00392858564625048,0.0034267996183925,-0.00181493573658776,0
0.025,f27c2278f5bdb77b,0.0494152470033316,0.0329433478075895,0.0321040842213475,0.0385466715262075,0.0494152470033316,0.0329433478075895,0.0321040842213475,0.0385466715262075,0.00305068967138746,-0.00342999662683202,0.00301744101086349,-0.00148940146211739,0.00305068967138746,-0.00342999662683202,0.00301744101086349,-0.00148940146211739,0
0.03,f27c2278f5bdb77b,0.0442033130007004,0.0298275739883375,0.0287041682557156,0.0347722800656368,0.0442033130007004,0.0298275739883375,0.0287041682557156,0.0347722800656368,0.00250891188276225,-0.00299780724617488,0.0026654330012309,-0.00120797900161029,0.00250891188276225,-0.00299780724617488,0.0026654330012309,-0.00120797900161029,0
0.035,f27c2278f5bdb77b,0.0387602447184152,0.0263639669486023,0.0251496679971339,0.0306475890785226,0.0387602447184152,0.0263639669486023,0.0251496679971339,0.0306475890785226,0.00204715395789348,-0.00262262347000076,0.00236303298191899,-0.000964088317052773,0.00204715395789348,-0.00262262347000076,0.00236303298191899,-0.000964088317052773,0
0.04,f27c2278f5bdb77b,0.0332021103333475,0.0226683575596718,0.02151806890377,0.0262975258915104,0.0332021103333475,0.0226683575596718,0.02151806890377,0.0262975258915104,0.0016542279831758,-0.0022963692243435,0.00210354702351435,-0.000752117600890126,0.0016542279831758,-0.0022963692243435,0.00210354702351435,-0.000752117600890126,0
0.045,f27c2278f5bdb77b,0.0276351533129116,0.0188455451876186,0.0178799334512116,0.0218353752432054,0.0276351533129116,0.0188455451876186,0.0178799334512116,0.0218353752432054,0.0013205203390258,-0.00201210405439646,0.0018811867321336,-0.000567283641365272,0.0013205203390258,-0.00201210405439646,0.0018811867321336,-0.000567283641365272,0
0.05,f27c2278f5bdb77b,0.0221547931693703,0.0149889566555877,0.0142983322774135,0.0173622752570945,0.0221547931693703,0.0149889566555877,0.0142983322774135,0.0173622752570945,0.00103776735190117,-0.00176386593493598,0.00169094576452712,-0.000405512212939817,0.00103776735190117,-0.00176386593493598,0.00169094576452712,-0.000405512212939817,0
0.055,f27c2278f5bdb77b,0.0168449735507343,0.0111805140690965,0.0108284968806119,0.0129669655897933,0.0168449735507343,0.0111805140690965,0.0108284968806119,0.0129669655897933,0.00079886311389351,-0.00154653574848729,0.00152849326581371,-0.000263335626964972,0.00079886311389351,-0.00154653574848729,0.00152849326581371,-0.000263335626964972,0
0.06,f27c2278f5bdb77b,0.0117778226654179,0.0074906939051021,0.0075176702959901,0.00872576584912341,0.0117778226654179,0.0074906939051021,0.0075176702959901,0.00872576584912341,0.000597694797236145,-0.00135572041911646,0.00139008186869595,-0.000137804973845423,0.000597694797236145,-0.00135572041911646,0.00139008186869595,-0.000137804973845423,0
0.065,f27c2278f5bdb77b,0.00701359085681063,0.00397875802531541,0.0044051322161855,0.00470276069977755,0.00701359085681063,0.00397875802531541,0.0044051322161855,0.00470276069977755,0.000429001508334287,-0.00118765212894526,0.00127246824804396,-2.64149530727784e-05,0.000429001508334287,-0.00118765212894526,0.00127246824804396,-2.64149530727784e-05,0
0.07,f27c2278f5bdb77b,0.00260082977191009,0.00069313556915892,0.00152237491399495,0.00095016640212872,0.00260082977191009,0.00069313556915892,0.00152237491399495,0.00095016640212872,0.000288253359909316,-0.00103910144511151,0.00117284454132084,7.29604809977072e-05,0.000288253359909316,-0.00103910144511151,0.00117284454132084,7.29604809977072e-05,0
0.075,f27c2278f5bdb77b,-0.00142322185704334,-0.0023280656374651,-0.0011065930466989,-0.0024911467375369,-0.00142322185704334,-0.0023280656374651,-0.0011065930466989,-0.0024911467375369,0.000171547758022174,-0.000907302380522019,0.00108877908930647,0.000162123252676529,0.000171547758022174,-0.000907302380522019,0.00108877908930647,0.000162123252676529,0
0.08,f27c2278f5bdb77b,-0.00503207968506918,-0.0050564399436233,-0.00346483752460247,-0.00559100175223076,-0.00503207968506918,-0.0050564399436233,-0.00346483752460247,-0.00559100175223076,7.55205172727268e-05,-0.000789887797742047,0.00101816526886477,0.000242598363960713,7.55205172727268e-05,-0.000789887797742047,0.00101816526886477,0.000242598363960713,0
0.085,f27c2278f5bdb77b,-0.00820931520009638,-0.00747257844986332,-0.00554200520016636,-0.00832915753101921,-0.00820931520009638,-0.00747257844986332,-0.00554200520016636,-0.00832915753101921,-2.73034837226917e-06,-0.000684833718295781,0.000959177297299271,0.000315674308436926,-2.73034837226917e-06,-0.000684833718295781,0.000959177297299271,0.000315674308436926,0
0.09,f27c2278f5bdb77b,-0.0109477479833109,-0.00956529800086601,-0.00733376557688796,-0.0106944707967275,-0.0109477479833109,-0.00956529800086601,-0.00733376557688796,-0.0106944707967275,-6.57099686957885e-05,-0.000590411315623537,0.000910232060320853,0.000382437672211026,-6.57099686957885e-05,-0.000590411315623537,0.000910232060320853,0.000382437672211026,0
0.095,f27c2278f5bdb77b,-0.0132485577064561,-0.0113308243504835,-0.00884120713405677,-0.0126840007131577,-0.0132485577064561,-0.0113308243504835,-0.00884120713405677,-0.0126840007131577,-0.000115582642937511,-0.000505145538738194,0.000869956146081306,0.000443802754092818,-0.000115582642937511,-0.000505145538738194,0.000869956146081306,0.000443802754092818,0
0.1,f27c2278f5bdb77b,-0.0151203425281389,-0.0127719479428896,-0.0100702046060895,-0.0143020777283865,-0.0151203425281389,-0.0127719479428896,-0.0100702046060895,-0.0143020777283865,-0.000154219879323738,-0.000427779454887765,0.000837157376603208,0.000500536920325366,-0.000154219879323738,-0.000427779454887765,0.000837157376603208,0.000500536920325366,0
0.105,f27c2278f5bdb77b,-0.0165781481501346,-0.0138971692690176,-0.0110307727208968,-0.0155593565095036,-0.0165781481501346,-0.0138971692690176,-0.0110307727208968,-0.0155593565095036,-0.000183241587588854,-0.000357243525091478,0.00081080022520505,0.000553282306279598,-0.000183241587588854,-0.000357243525091478,0.00081080022520505,0.000553282306279598,0
0.11,f27c2278f5bdb77b,-0.0176424892764242,-0.0147198491143505,-0.0117364200292327,-0.0164718709012395,-0.0176424892764242,-0.0147198491143505,-0.0117364200292327,-0.0164718709012395,-0.000204051400966646,-0.000292629133828525,0.000789984591452975,0.000602574389985215,-0.000204051400966646,-0.000292629133828525,0.000789984591452975,0.000602574389985215,0
0.115,f27c2278f5bdb77b,-0.0183383826372293,-0.0152573772690412,-0.0122035147347429,-0.0170601068078288,-0.0183383826372293,-0.0152573772690412,-0.0122035147347429,-0.0170601068078288,-0.000217866964692334,-0.000233165786968839,0.00077392747683455,0.000648857887250472,-0.000217866964692334,-0.000233165786968839,0.00077392747683455,0.000648857887250472,0
0.12,f27c2278f5bdb77b,-0.0186944081467755,-0.0155303714705984,-0.0124506727211705,-0.0173481068054365,-0.0186944081467755,-0.0155303714705984,-0.0124506727211705,-0.0173481068054365,-0.000225745908623802,-0.000178201472186931,0.000761947166251367,0.000692500353717889,-0.000225745908623802,-0.000178201472186931,0.000761947166251367,0.000692500353717889,0
0.125,f27c2278f5bdb77b,-0.0187418122126286,-0.0155619165442785,-0.0124981763034938,-0.0173626181988248,-0.0187418122126286,-0.0155619165442785,-0.0124981763034938,-0.0173626181988248,-0.000228608119039342,-0.000127185745494545,0.000753449574061635,0.000733803823876075,-0.000228608119039342,-0.000127185745494545,0.000753449574061635,0.000733803823876075,0
0.13,f27c2278f5bdb77b,-0.0185136647435337,-0.0153768519318346,-0.0123674306260681,-0.0171322941796989,-0.0185136647435337,-0.0153768519318346,-0.0123674306260681,-0.0171322941796989,-0.000227254836675892,-7.96551675243698e-05,0.000747916459835752,0.000773014769585634,-0.000227254836675892,-7.96551675243698e-05,0.000747916459835752,0.000773014769585634,0
0.135,f27c2278f5bdb77b,-0.0180440789395797,-0.0150011139981694,-0.0120804630454948,-0.0166869556610179,-0.0180440789395797,-0.0150011139981694,-0.0120804630454948,-0.0166869556610179,-0.000222385034564871,-3.52207638218771e-05,0.000744895258000071,0.000810332620797943,-0.000222385034564871,-3.52207638218771e-05,0.000744895258000071,0.000810332620797943,0
0.14,f27c2278f5bdb77b,-0.0173675007746718,-0.0144611379175361,-0.0116594694485506,-0.0160569195205942,-0.0173675007746718,-0.0144611379175361,-0.0116594694485506,-0.0160569195205942,-0.000214609462717854,6.44277066088065e-06,0.000743990301374642,0.000845917055499442,-0.000214609462717854,6.44277066088065e-06,0.000743990301374642,0.000845917055499442,0
0.145,f27c2278f5bdb77b,-0.0165180729163856,-0.013783322331403,-0.0111264100839636,-0.0152723971255457,-0.0165180729163856,-0.013783322331403,-0.0111264100839636,-0.0152723971255457,-0.000204462692850526,4.56063652242935e-05,0.00074485524766107,0.000879894236848104,-0.000204462692850526,4.56063652242935e-05,0.00074485524766107,0.000879894236848104,0
0.15,f27c2278f5bdb77b,-0.0155290760915834,-0.0129935586951041,-0.0105026563957293,-0.014362965526531,-0.0155290760915834,-0.0129935586951041,-0.0105026563957293,-0.014362965526531,-0.000192413445818932,8.24945717668644e-05,0.000747186545785264,0.000912362148182125,-0.000192413445818932,8.24945717668644e-05,0.000747186545785264,0.000912362148182125,0
0.155,f27c2278f5bdb77b,-0.0144324488143742,-0.0121168256339372,-0.00980868903797338,-0.0133571118697749,-0.0144324488143742,-0.0121168256339372,-0.00980868903797338,-0.0133571118697749,-0.000178873449769873,0.000117292449876456,0.000750717797800498,0.000943395157658938,-0.000178873449769873,0.000117292449876456,0.000750717797800498,0.000943395157658938,0
0.16,f27c2278f5bdb77b,-0.0132583850231031,-0.0111768476148313,-0.00906384641169742,-0.0122818503921455,-0.0132583850231031,-0.0111768476148313,-0.00906384641169742,-0.0122818503921455,-0.000164205038594333,0.000150151494044014,0.000755214893454906,0.000973047924287893,-0.000164205038594333,0.000150151494044014,0.000755214893454906,0.000973047924287893,0
0.165,f27c2278f5bdb77b,-0.0120350081727679,-0.0101958165213496,-0.00828612245443975,-0.0111624105173339,-0.0120350081727679,-0.0101958165213496,-0.00828612245443975,-0.0111624105173339,-0.00014872766497816,0.000181194731675959,0.000760471814700999,0.00100135873720524,-0.00014872766497816,0.000181194731675959,0.000760471814700999,0.00100135873720524,0
0.17,f27c2278f5bdb77b,-0.0107881182724225,-0.00919417308526553,-0.00749201115308748,-0.0100219926997296,-0.0107881182724225,-0.00919417308526553,-0.00749201115308748,-0.0100219926997296,-0.000132723490930631,0.000210521114530435,0.000766307013258839,0.00102835237542814,-0.000132723490930631,0.000210521114530435,0.000766307013258839,0.00102835237542814,0
0.175,f27c2278f5bdb77b,-0.00954100851696271,-0.00819044535299131,-0.00669639537846829,-0.00888158888235009,-0.00954100851696271,-0.00819044535299131,-0.00669639537846829,-0.00888158888235009,-0.000116442179266194,0.000238209294447551,0.000772560287316248,0.0010540425516141,-0.000116442179266194,0.000238209294447551,0.000772560287316248,0.0010540425516141,0
0.18,f27c2278f5bdb77b,-0.00831434628922118,-0.00720113984613593,-0.00591247650382933,-0.00775986270311709,-0.00831434628922118,-0.00720113984613593,-0.00591247650382933,-0.00775986270311709,-0.000100105006760219,0.00026432087710203,0.000779090084702289,0.00107843400631397,-0.000100105006760219,0.00026432087710203,0.000779090084702289,0.00107843400631397,0
0.185,f27c2278f5bdb77b,-0.00712611368070548,-0.00624068146243026,-0.00515174152776974,-0.00667308498919772,-0.00712611368070548,-0.00624068146243026,-0.00515174152776974,-0.00667308498919772,-8.39083890968578e-05,0.0002889032178863,0.000785771177836438,0.00110152429616041,-8.39083890968578e-05,0.0002889032178863,0.000785771177836438,0.00110152429616041,0
0.19,f27c2278f5bdb77b,-0.00599160139835263,-0.00532139709521035,-0.00442396366950791,-0.00563511886802322,-0.00599160139835263,-0.00532139709521035,-0.00442396366950791,-0.00563511886802322,-6.80269079063059e-05,0.000311991832879427,0.000792492655301787,0.00112330532759854,-6.80269079063059e-05,0.000311991832879427,0.000792492655301787,0.00112330532759854,0
0.195,f27c2278f5bdb77b,-0.00492345027139884,-0.00445353830409352,-0.00373723264080342,-0.0046574491957406,-0.00492345027139884,-0.00445353830409352,-0.00373723264080342,-0.0046574491957406,-5.26159053733937e-05,0.000333612472876197,0.000799156189882354,0.00114376466862132,-5.26159053733937e-05,0.000333612472876197,0.000799156189882354,0.00114376466862132,0
0.2,f27c2278f5bdb77b,-0.00393173408902531,-0.00364533796522392,-0.00309801053781367,-0.00374925054167261,-0.00393173408902531,-0.00364533796522392,-0.00309801053781367,-0.00374925054167261,-3.78137103061851e-05,0.000353782908447607,0.000805674543539092,0.00116288667098567,-3.78137103061851e-05,0.000353782908447607,0.000805674543539092,0.00116288667098567,0
0.205,f27c2278f5bdb77b,-0.00302407755682375,-0.00290309588654799,-0.00251120936441781,-0.0029174880228605,-0.00302407755682375,-0.00290309588654799,-0.00251120936441781,-0.0029174880228605,-2.37435486562038e-05,0.000372514467683596,0.000811970276379762,0.00118065343144725,-2.37435486562038e-05,0.000372514467683596,0.000811970276379762,0.00118065343144725,0
0.21,f27c2278f5bdb77b,-0.00220580339982528,-0.00223128857454789,-0.0019802863773497,-0.00216704550397286,-0.00220580339982528,-0.00223128857454789,-0.0019802863773497,-0.00216704550397286,-1.05151813528467e-05,0.000389813363169214,0.000817974632722045,0.0011970456175325,-1.05151813528467e-05,0.000389813363169214,0.000817974632722045,0.0011970456175325,0
0.215,f27c2278f5bdb77b,-0.00148010247080924,-0.00163269822616512,-0.00150735335743377,-0.00150087553606584,-0.00148010247080924,-0.00163269822616512,-0.00150735335743377,-0.00150087553606584,1.7736904154302e-06,0.000405681832205261,0.000823626579188143,0.00121204317218447,1.7736904154302e-06,0.000405681832205261,0.000823626579188143,0.00121204317218447,0
0.22,f27c2278f5bdb77b,-0.000848221576075731,-0.00110855666798844,-0.00109329648339584,-0.000920166156941403,-0.000848221576075731,-0.00110855666798844,-0.00109329648339584,-0.000920166156941403,1.30362204483445e-05,0.000420119123180461,0.000828871974295091,0.00122562592121488,1.30362204483445e-05,0.000420119123180461,0.000828871974295091,0.00122562592121488,0
0.225,f27c2278f5bdb77b,-0.000309663362613944,-0.000658699709897104,-0.000737903260444406,-0.000424519366798146,-0.000309663362613944,-0.000658699709897104,-0.000737903260444406,-0.000424519366798146,2.31953843816686e-05,0.000433122344328331,0.000833662851380757,0.0012377740927862,2.31953843816686e-05,0.000433122344328331,0.000833662851380757,0.0012377740927862,0
0.23,f27c2278f5bdb77b,0.000137606251364621,-0.000281728258633331,-0.000439993696996724,-1.21371058755544e-05,0.000137606251364621,-0.000281728258633331,-0.000439993696996724,-1.21371058755544e-05,3.2183095178634e-05,0.000444687198910664,0.0008379567999044,0.00124846876624666,3.2183095178634e-05,0.000444687198910664,0.0008379567999044,0.00124846876624666,0
0.235,f27c2278f5bdb77b,0.000496947902038692,2.48276656503474e-05,-0.000197552753268482,0.000319989681033061,0.000496947902038692,2.48276656503474e-05,-0.000197552753268482,0.000319989681033061,3.99394445765045e-05,0.000454808618743533,0.000841716430782039,0.0012576922567018,3.99394445765045e-05,0.000454808618743533,0.000841716430782039,0.0012576922567018,0
0.24,f27c2278f5bdb77b,0.000772839567878808,0.000264345012737431,-7.86178651839039e-06,0.000575892325359375,0.000772839567878808,0.000264345012737431,-7.86178651839039e-06,0.000575892325359375,4.64120554268026e-05,0.000463481314549768,0.000844908915714428,0.00126542844901101,4.64120554268026e-05,0.000463481314549768,0.000844908915714428,0.00126542844901101,0
0.245,f27c2278f5bdb77b,0.000970671972640819,0.000440946835637942,0.00013237324416708,0.00076043943712257,0.000970671972640819,0.000440946835637942,0.00013237324416708,0.00076043943712257,5.15555276859521e-05,0.000470700252543898,0.000847505589468368,0.00127166308625646,5.15555276859521e-05,0.000470700252543898,0.000847505589468368,0.00127166308625646,0
0.25,f27c2278f5bdb77b,0.00109655166221148,0.000559346956633476,0.000226898671294106,0.000879158467866244,0.00109655166221148,0.000559346956633476,0.000226898671294106,0.000879158467866244,5.53309657020922e-05,0.000476461068403889,0.000849481606977698,0.00127638402025074,5.53309657020922e-05,0.000476461068403889,0.000849481606977698,0.00127638402025074,0
0.255,f27c2278f5bdb77b,0.00115711411674119,0.000624702094619054,0.00027979652994611,0.00093806603748977,0.00115711411674119,0.000624702094619054,0.00027979652994611,0.00093806603748977,5.77055775483324e-05,0.000480760429914265,0.00085081564895949,0.00127958143228016,5.77055775483324e-05,0.000480760429914265,0.00085081564895949,0.00127958143228016,0
0.26,f27c2278f5bdb77b,0.00115934920207075,0.000642473333860124,0.000295375868344945,0.000943509172997627,0.00115934920207075,0.000642473333860124,0.000295375868344945,0.000943509172997627,5.86523336652351e-05,0.000483596352564722,0.000851489667933578,0.00128124802538865,5.86523336652351e-05,0.000483596352564722,0.000851489667933578,0.00128124802538865,0
0.265,f27c2278f5bdb77b,0.00111044039259822,0.000618298124376869,0.000278072796120118,0.000902018813844194,0.00111044039259822,0.000618298124376869,0.000278072796120118,0.000902018813844194,5.81496808879196e-05,0.000484968479082028,0.000851488671594755,0.0012813791971283,5.81496808879196e-05,0.000484968479082028,0.000851488671594755,0.0012813791971283,0
0.27,f27c2278f5bdb77b,0.00101761904246376,0.000557873877395469,0.000232360013862165,0.00082017679313791,0.00101761904246376,0.000557873877395469,0.000232360013862165,0.00082017679313791,5.61813019255563e-05,0.0004848783259462,0.000850800537158985,0.00127997319348972,5.61813019255563e-05,0.0004848783259462,0.000850800537158985,0.00127997319348972,0
0.275,f27c2278f5bdb77b,0.000888034522229152,0.000466853855430542,0.000162666283786107,0.000704497084186331,0.000888034522229152,0.000466853855430542,0.000162666283786107,0.000704497084186331,5.27359167936202e-05,0.000483329503948089,0.000849415854073773,0.00127703124953704,5.27359167936202e-05,0.000483329503948089,0.000849415854073773,0.00127703124953704,0
0.28,f27c2278f5bdb77b,0.000728640556870733,0.000350755670585805,7.33060063396816e-05,0.000561321659229552,0.000728640556870733,0.000350755670585805,7.33060063396816e-05,0.000561321659229552,4.78071204612809e-05,0.000480327916887143,0.000847327791213127,0.0012725577191853,4.78071204612809e-05,0.000480327916887143,0.000847327791213127,0.0012725577191853,0
0.285,f27c2278f5bdb77b,0.000546097958773885,0.00021488259257397,-3.1581016458708e-05,0.000396731175790472,0.000546097958773885,0.00021488259257397,-3.1581016458708e-05,0.000396731175790472,4.13932543440422e-05,0.000475881943571074,0.000844531986727112,0.00126656019817954,4.13932543440422e-05,0.000475881943571074,0.000844531986727112,0.00126656019817954,0
0.29,f27c2278f5bdb77b,0.000346693522300108,6.4257524893651e-05,-0.000148079810109997,0.00021647031269125,0.000346693522300108,6.4257524893651e-05,-0.000148079810109997,0.00021647031269125,3.34973052276127e-05,0.000470002604242358,0.000841026456381493,0.00125904963998834,3.34973052276127e-05,0.000470002604242358,0.000841026456381493,0.00125904963998834,0
0.295,f27c2278f5bdb77b,0.0001362745587917,-9.64307233579669e-05,-0.00027254080102863,2.58873118990655e-05,0.0001362745587917,-9.64307233579669e-05,-0.00027254080102863,2.58873118990655e-05,2.41268358163752e-05,0.000462703720687593,0.000836811522392796,0.00125004047351108,2.41268358163752e-05,0.000462703720687593,0.000836811522392796,0.00125004047351108,0
0.3,f27c2278f5bdb77b,-7.98014529403615e-05,-0.000262869244899866,-0.000401611083358488,-0.000170112723104041,-7.98014529403615e-05,-0.000262869244899866,-0.000401611083358488,-0.000170112723104041,1.32939370165446e-05,0.000454002066016313,0.000831889756697766,0.00123955071717705,1.32939370165446e-05,0.000454002066016313,0.000831889756697766,0.00123955071717705,0
0.305,f27c2278f5bdb77b,-0.000296703097444313,-0.00043115167795097,-0.000532257014557203,-0.000367101657680479,-0.000296703097444313,-0.00043115167795097,-0.000532257014557203,-0.000367101657680479,1.01520641053886e-06,0.000443917512399532,0.00082626594085076,0.00122760209754937,1.01520641053886e-06,0.000443917512399532,0.00082626594085076,0.00122760209754937,0
0.31,f27c2278f5bdb77b,-0.000510148079302259,-0.000597798402075293,-0.000661778737540656,-0.000561150125063395,-0.000510148079302259,-0.000597798402075293,-0.000661778737540656,-0.000561150125063395,-1.26882477073765e-05,0.000432473179684816,0.000819947041877939,0.00121422017487511,-1.26882477073765e-05,0.000432473179684816,0.000819947041877939,0.00121422017487511,0
0.315,f27c2278f5bdb77b,-0.000716414197579444,-0.000759767120957717,-0.000787817312947035,-0.000748838271353471,-0.000716414197579444,-0.000759767120957717,-0.000787817312947035,-0.000748838271353471,-2.77907798730991e-05,0.000419695585189728,0.000812942201967892,0.00119943447529062,-2.77907798730991e-05,0.000419695585189728,0.000812942201967892,0.00119943447529062,0
0.32,f27c2278f5bdb77b,-0.000912339465203256,-0.000914454780547467,-0.000908355224069661,-0.000927256551773651,-0.000912339465203256,-0.000914454780547467,-0.000908355224069661,-0.000927256551773651,-4.42621556701138e-05,0.000405614799961908,0.00080526274337864,0.00118327863491558,-4.42621556701138e-05,0.000405614799961908,0.00080526274337864,0.00118327863491558,0
0.325,f27c2278f5bdb77b,-0.0010953126004541,-0.00105969177267025,-0.00102171101259818,-0.00109399768595897,-0.0010953126004541,-0.00105969177267025,-0.00102171101259818,-0.00109399768595897,-6.20674733230839e-05,0.00039026461492297,0.000796922189048469,0.00116579055915495,-6.20674733230839e-05,0.00039026461492297,0.000796922189048469,0.00116579055915495,0
0.33,f27c2278f5bdb77b,-0.00126325515274027,-0.00119372940479452,-0.00112652882087712,-0.00124714091477094,-0.00126325515274027,-0.00119372940479452,-0.00112652882087712,-0.00124714091477094,-8.11670587100553e-05,0.000373682718859884,0.000787936298601464,0.00114701259904691,-8.11670587100553e-05,0.000373682718859884,0.000787936298601464,0.00114701259904691,0
0.335,f27c2278f5bdb77b,-0.00141459653294174,-0.00131522162803866,-0.00122176361830922,-0.0013852297119627,-0.00141459653294174,-0.00131522162803866,-0.00122176361830922,-0.0013852297119627,-0.000101516328757177,0.00035591089441532,0.000778323122464976,0.00112699175113914,-0.000101516328757177,0.00035591089441532,0.000778323122464976,0.00112699175113914,0
0.34,f27c2278f5bdb77b,-0.00154824317944622,-0.00142320198608302,-0.00130666286241514,-0.00150724407016055,-0.00154824317944622,-0.00142320198608302,-0.00130666286241514,-0.00150724407016055,-0.000123065621729139,0.00033699523489692,0.000768103074705682,0.00110577988385643,-0.000123065621729139,0.00033699523489692,0.000768103074705682,0.00110577988385643,0
0.345,f27c2278f5bdb77b,-0.00166354306487644,-0.00151705673087997,-0.00138074532673795,-0.00161256845940977,-0.00166354306487644,-0.00151705673087997,-0.00138074532673795,-0.00161256845940977,-0.000145759989897595,0.000316986387187455,0.000757299027031009,0.00108343399609623,-0.000145759989897595,0.000316986387187455,0.000757299027031009,0.00108343399609623,0
0.35,f27c2278f5bdb77b,-0.00176024667759767,-0.00159649499787627,-0.0014437777826075,-0.00170095649380645,-0.00176024667759767,-0.00159649499787627,-0.0014437777826075,-0.00170095649380645,-0.000169538948788105,0.000295939826992049,0.000745936427207315,0.00106001651492744,-0.000169538948788105,0.000295939826992049,0.000745936427207315,0.00106001651492744,0
0.355,f27c2278f5bdb77b,-0.00183846554565797,-0.00166151688313982,-0.00149575017960155,-0.00177249328267971,-0.00183846554565797,-0.00166151688313982,-0.00149575017960155,-0.00177249328267971,-0.000194336177832482,0.000273916171989218,0.000734043444812466,0.00103559563865674,-0.000194336177832482,0.000273916171989218,0.000734043444812466,0.00103559563865674,0
0.36,f27c2278f5bdb77b,-0.00189862930254026,-0.00171238021346151,-0.00153684992676263,-0.00182755638204805,-0.00189862930254026,-0.00171238021346151,-0.00153684992676263,-0.00182755638204805,-0.000220079164611257,0.000250981540609585,0.00072165114896816,0.00101024573398221,-0.000220079164611257,0.000250981540609585,0.00072165114896816,0.00101024573398221,0
0.365,f27c2278f5bdb77b,-0.00194144216857388,-0.00174956670369423,-0.00156743579975527,-0.00186677614866035,-0.00194144216857388,-0.00174956670369423,-0.00156743579975527,-0.00186677614866035,-0.000246688783548919,0.000227207965244035,0.000708793723634563,0.000984047797260587,-0.000246688783548919,0.000227207965244035,0.000708793723634563,0.000984047797260587,0
0.37,f27c2278f5bdb77b,-0.0019678396786562,-0.00177374816268228,-0.00158801197204683,-0.00189099626035102,-0.0019678396786562,-0.00177374816268228,-0.00158801197204683,-0.00189099626035102,-0.000274078800565676,0.000202673867993446,0.000695508725963937,0.00095708998929565,-0.000274078800565676,0.000202673867993446,0.000695508725963937,0.00095708998929565,0
0.375,f27c2278f5bdb77b,-0.00197894636173059,-0.00178575331247398,-0.00159920259229497,-0.0019012350529605,-0.00197894636173059,-0.00178575331247398,-0.00159920259229497,-0.0019012350529605,-0.000302155293017952,0.000177464608871126,0.000681837394940587,0.000929468255138605,-0.000302155293017952,0.000177464608871126,0.000681837394940587,0.000929468255138605,0
0.38,f27c2278f5bdb77b,-0.00197603498021534,-0.00178653570987462,-0.00160172727122787,-0.00189864823572458,-0.00197603498021534,-0.00178653570987462,-0.00160172727122787,-0.00189864823572458,-0.000330815974193463,0.000151673116296706,0.000667825018245062,0.000901287040427949,-0.000330815974193463,0.000151673116296706,0.000667825018245062,0.000901287040427949,0
0.385,f27c2278f5bdb77b,-0.00196048784178025,-0.00177714318482161,-0.00159637778359413,-0.00188449345979903,-0.00196048784178025,-0.00177714318482161,-0.00159637778359413,-0.00188449345979903,-0.000359949412607181,0.000125400608700015,0.000653521365710306,0.000872660114755078,-0.000359949412607181,0.000125400608700015,0.000653521365710306,0.000872660114755078,0
0.39,f27c2278f5bdb77b,-0.00193376061433807,-0.00175868914663543,-0.00158399624191941,-0.00186009714033164,-0.00193376061433807,-0.00175868914663543,-0.00158399624191941,-0.00186009714033164,-0.000389434139598881,9.87574129420219e-05,0.000638981197366578,0.0008437115090893,-0.000389434139598881,9.87574129420219e-05,0.000638981197366578,0.0008437115090893,0
0.395,f27c2278f5bdb77b,-0.00189734895835739,-0.00173232601743454,-0.001565454928838,-0.00182682382563019,-0.00189734895835739,-0.00173232601743454,-0.001565454928838,-0.00182682382563019,-0.000419137644741636,7.18638796704536e-05,0.000624264852735331,0.000814576568011129,-0.000419137644741636,7.18638796704536e-05,0.000624264852735331,0.000814576568011129,0
0.4,f27c2278f5bdb77b,-0.0018527582382216,-0.00169922101119967,-0.00154163794388045,-0.00178604835911105,-0.0018527582382216,-0.00169922101119967,-0.00154163794388045,-0.00178604835911105,-0.00044891527372097,4.48513819810712e-05,0.000609438922265479,0.000785403101886701,-0.00044891527372097,4.48513819810712e-05,0.000609438922265479,0.000785403101886701,0
0.405,f27c2278f5bdb77b,-0.0018014764735016,-0.00166053439754247,-0.00151342476056419,-0.00173913098717844,-0.0018014764735016,-0.00166053439754247,-0.00151342476056419,-0.00173913098717844,-0.000478609065636815,1.78633634728656e-05,0.000594576993263635,0.000756352600795632,-0.000478609065636815,1.78633634728656e-05,0.000594576993263635,0.000756352600795632,0
0.41,f27c2278f5bdb77b,-0.00174495061878167,-0.00161740033216018,-0.00148167574691665,-0.00168739549983355,-0.00174495061878167,-0.00161740033216018,-0.00148167574691665,-0.00168739549983355,-0.000508046606633191,-8.94363427097051e-06,0.000579760445407882,0.000727601430472345,-0.000508046606633191,-8.94363427097051e-06,0.000579760445407882,0.000727601430472345,0
0.415,f27c2278f5bdb77b,-0.00168456619729378,-0.00157091028571008,-0.00144721966518395,-0.00163211043235213,-0.00168456619729378,-0.00157091028571008,-0.00144721966518395,-0.00163211043235213,-0.000537040041185988,-3.5399092688288e-05,0.000565079241321976,0.000699341863436601,-0.000537040041185988,-3.5399092688288e-05,0.000565079241321976,0.000699341863436601,0
0.42,f27c2278f5bdb77b,-0.00162163025439624,-0.0015220990558038,-0.00141084313171318,-0.00157447330180759,-0.00162163025439624,-0.0015220990558038,-0.00141084313171318,-0.00157447330180759,-0.000565385481718361,-6.13180026976948e-05,0.000550632609548438,0.000671782694952693,-0.000565385481718361,-6.13180026976948e-05,0.000550632609548438,0.000671782694952693,0
0.425,f27c2278f5bdb77b,-0.00155735754336778,-0.00147193330400405,-0.0013732819864915,-0.00151559780260846,-0.00155735754336778,-0.00147193330400405,-0.0013732819864915,-0.00151559780260846,-0.000592863202125542,-8.65010630945161e-05,0.000536529443394318,0.000645149042219646,-0.000592863202125542,-8.65010630945161e-05,0.000536529443394318,0.000645149042219646,0
0.43,f27c2278f5bdb77b,-0.00149285981291572,-0.00142130252513668,-0.00133521449666995,-0.00145650384531246,-0.00149285981291572,-0.00142130252513668,-0.00133521449666995,-0.00145650384531246,-0.000619239197872114,-0.00011073611281374,0.00052288813285416,0.000619680719203101,-0.000619239197872114,-0.00011073611281374,0.00052288813285416,0.000619680719203101,0
0.435,f27c2278f5bdb77b,-0.00142913802959763,-0.00137101232701141,-0.00129725629733757,-0.00139811028927915,-0.00142913802959763,-0.00137101232701141,-0.00129725629733757,-0.00139811028927915,-0.000644268933682163,-0.000133801530042775,0.000509835408417633,0.000595628329705002,-0.000644268933682163,-0.000133801530042775,0.000509835408417633,0.000595628329705002,0
0.44,f27c2278f5bdb77b,-0.00136707733387594,-0.0013217798705445,-0.00125995695257303,-0.0013412301875857,-0.00136707733387594,-0.0013217798705445,-0.00125995695257303,-0.0013412301875857,-0.000667704323688946,-0.000155472527186519,0.000497503626125291,0.00057324598505918,-0.000667704323688946,-0.000155472527186519,0.000497503626125291,0.00057324598505918,0
0.445,f27c2278f5bdb77b,-0.00130744450940639,-0.00127423130442634,-0.00122379800884156,-0.0012865683445926,-0.00130744450940639,-0.00127423130442634,-0.00122379800884156,-0.0012865683445926,-0.000689305073839953,-0.000175531339420313,0.000486025818660875,0.000552779459281652,-0.000689305073839953,-0.000175531339420313,0.000486025818660875,0.000552779459281652,0
0.45,f27c2278f5bdb77b,-0.00125088772643439,-0.00122890101278839,-0.00118919240187872,-0.00123472096884776,-0.00125088772643439,-0.00122890101278839,-0.00118919240187872,-0.00123472096884776,-0.000708855223669191,-0.000193782032574111,0.000475527897793273,0.000534448891590656,-0.000708855223669191,-0.000193782032574111,0.000475527897793273,0.000534448891590656,0
0.455,f27c2278f5bdb77b,-0.00119793830946714,-0.00118623248495092,-0.00115648507204877,-0.00118617719374656,-0.00119793830946714,-0.00118623248495092,-0.00115648507204877,-0.00118617719374656,-0.000726184736061975,-0.000210069760555661,0.000466117797471996,0.000518426166012061,-0.000726184736061975,-0.000210069760555661,0.000466117797471996,0.000518426166012061,0
0.46,f27c2278f5bdb77b,-0.00114901427383428,-0.00114658061106359,-0.00112595463994348,-0.00114132223278035,-0.00114901427383428,-0.00114658061106359,-0.00112595463994348,-0.00114132223278035,-0.000741194057286373,-0.000224302572305446,0.000457872265999304,0.000504809095288955,-0.000741194057286373,-0.000224302572305446,0.000457872265999304,0.000504809095288955,0
0.465,f27c2278f5bdb77b,-0.00110442537510046,-0.00111021520598831,-0.00109781599364265,-0.00110044193519152,-0.00110442537510046,-0.00111021520598831,-0.00109781599364265,-0.00110044193519152,-0.000753876907502501,-0.000236471492972696,0.000450823428933292,0.000493597306909173,-0.000753876907502501,-0.000236471492972696,0.000450823428933292,0.000493597306909173,0
0.47,f27c2278f5bdb77b,-0.00106437941896752,-0.00107732556580536,-0.00107222364116884,-0.00106372851083656,-0.00106437941896752,-0.00107732556580536,-0.00107222364116884,-0.00106372851083656,-0.000764334230833251,-0.000246662545448964,0.000444948686108864,0.000484677168926526,-0.000764334230833251,-0.000246662545448964,0.000444948686108864,0.000484677168926526,0
0.475,f27c2278f5bdb77b,-0.00102898958678857,-0.0010480258663381,-0.00104927568600757,-0.0010312871995721,-0.00102898958678857,-0.0010480258663381,-0.00104927568600757,-0.0010312871995721,-0.00077277210363832,-0.000255054306138926,0.000440168009993691,0.000477823256925945,-0.00077277210363832,-0.000255054306138926,0.000440168009993691,0.000477823256925945,0
0.48,f27c2278f5bdb77b,-0.000998282542503098,-0.00102236122070749,-0.00102901828966736,-0.00100314366997829,-0.000998282542503098,-0.00102236122070749,-0.00102901828966736,-0.00100314366997829,-0.000779479992291779,-0.00026189784315814,0.000436351319332058,0.000472720153861191,-0.000779479992291779,-0.00026189784315814,0.000436351319332058,0.000472720153861191,0
0.485,f27c2278f5bdb77b,-0.000972207100159013,-0.00100031422269002,-0.00101145049297073,-0.00097925194422489,-0.000972207100159013,-0.00100031422269002,-0.00101145049297073,-0.00097925194422489,-0.000784792403822707,-0.000267481839419556,0.000433335352654701,0.000469001457291373,-0.000784792403822707,-0.000267481839419556,0.000433335352654701,0.000469001457291373,0
0.49,f27c2278f5bdb77b,-0.000950643246684692,-0.000981811814159753,-0.00099652927661814,-0.000959502659900084,-0.000950643246684692,-0.000981811814159753,-0.00099652927661814,-0.000959502659900084,-0.000789043266985791,-0.000272091281445226,0.000430945921655135,0.000466296277672136,-0.000789043266985791,-0.000272091281445226,0.000430945921655135,0.000466296277672136,0
0.495,f27c2278f5bdb77b,-0.00093341133171499,-0.000966732327739265,-0.000984174751388575,-0.000943731495155181,-0.00093341133171499,-0.000966732327739265,-0.000984174751388575,-0.000943731495155181,-0.0007925243929708,-0.000275969801444798,0.000429019727861118,0.000464271328747943,-0.0007925243929708,-0.000275969801444798,0.000429019727861118,0.000464271328747943,0
0.5,f27c2278f5bdb77b,-0.000920281253096942,-0.000954912568536603,-0.00097427537798784,-0.000931727598850721,-0.000920281253096942,-0.000954912568536603,-0.00097427537798784,-0.000931727598850721,-0.000795455997601218,-0.000279292650268157,0.000427421020058182,0.000462660092060901,-0.000795455997601218,-0.000279292650268157,0.000427421020058182,0.000462660092060901,0
